<DTYYYYMMDD>,<FIRST>,<HIGH>,<LOW>,<CLOSE>
20241022,1989,2010,1986,2036
20241021,2006,2036,2006,2047
20241020,2043,2043,2010,2068
20241019,2078,2078,2019,2072
20241016,2088,2090,2043,2081
20241015,2099,2099,2050,2106
20241014,2139,2139,2080,2113
20241013,2136,2160,2094,2144
20241012,2158,2188,2109,2158
20241009,2152,2159,2152,2171
20241008,2154,2180,2154,2173
20241007,2163,2165,2163,2175
20241006,2164,2164,2164,2184
20241005,2164,2164,2164,2185
20241002,2164,2164,2164,2185
20241001,2187,2187,2168,2185
20240930,2185,2195,2175,2189
20240929,2178,2220,2178,2196
20240928,2181,2181,2181,2199
20240925,2228,2234,2175,2203
20240924,2227,2236,2190,2204
20240923,2165,2220,2163,2179
20240922,2201,2201,2163,2163
20240918,2178,2193,2120,2160
20240917,2100,2169,2100,2149
20240916,2148,2166,2090,2142
20240915,2118,2150,2098,2150
20240914,2140,2160,2118,2160
20240911,2148,2179,2118,2164
20240910,2142,2175,2142,2171
20240909,2122,2188,2122,2172
20240908,2141,2174,2122,2167
20240907,2189,2189,2147,2168
20240903,2190,2199,2152,2167
20240901,2200,2200,2156,2166
20240831,2188,2195,2173,2165
20240828,2190,2190,2140,2160
20240827,2195,2200,2131,2162
20240826,2176,2199,2149,2163
20240824,2186,2186,2157,2160
20240821,2161,2196,2130,2158
20240820,2120,2166,2120,2158
20240819,2194,2195,2134,2160
20240818,2172,2196,2168,2162
20240817,2171,2197,2157,2161
20240814,2140,2174,2140,2154
20240813,2137,2154,2137,2153
20240812,2150,2171,2140,2158
20240811,2168,2168,2152,2161
20240810,2163,2169,2146,2161
20240806,2145,2177,2143,2163
20240805,2177,2178,2146,2164
20240804,2185,2185,2151,2167
20240803,2191,2191,2099,2172
20240731,2214,2214,2141,2205
20240730,2220,2240,2152,2215
20240729,2139,2239,2137,2221
20240727,2270,2270,2139,2247
20240724,0,0,0,2274
20240723,0,0,0,2274
20240722,0,0,0,2274
20240721,0,0,0,2498
20240720,0,0,0,2498
20240717,2455,2531,2413,2498
20240714,2440,2455,2425,2452
20240713,2361,2465,2361,2455
20240710,2470,2470,2384,2465
20240709,2383,2500,2383,2489
20240708,2412,2520,2412,2508
20240707,2591,2650,2480,2524
20240706,2501,2592,2501,2526
20240703,2450,2468,2371,2446
20240702,2450,2470,2422,2450
20240701,2471,2471,2423,2450
20240630,2434,2460,2384,2451
20240629,2470,2480,2428,2468
20240626,2435,2510,2435,2471
20240624,2476,2479,2431,2472
20240623,2428,2500,2427,2475
20240622,2443,2480,2430,2476
20240619,2450,2490,2432,2479
20240618,2443,2450,2440,2481
20240616,2448,2470,2448,2489
20240615,2503,2519,2453,2497
20240612,2461,2514,2461,2503
20240611,2544,2552,2480,2506
20240610,2480,2529,2480,2503
20240609,2485,2550,2470,2505
20240608,2476,2529,2475,2520
20240605,2529,2529,2485,2525
20240602,2534,2536,2495,2535
20240601,2560,2575,2503,2545
20240529,2597,2597,2538,2551
20240528,2507,2559,2507,2552
20240527,2513,2513,2513,2558
20240526,2569,2569,2526,2564
20240525,2584,2584,2533,2577
20240521,2575,2610,2542,2584
20240520,0,0,0,2588
20240519,2610,2610,2498,2588
20240518,2606,2685,2564,2610
20240515,2611,2619,2574,2606
20240514,2540,2640,2540,2611
20240513,2647,2647,2542,2613
20240512,2650,2650,2586,2634
20240511,2659,2675,2623,2652
20240508,2691,2691,2600,2662
20240507,2705,2710,2656,2691
20240506,2713,2713,2673,2705
20240505,2674,2750,2674,2713
20240501,2713,2746,2702,2716
20240430,2712,2729,2680,2713
20240429,2690,2750,2690,2716
20240428,2764,2764,2671,2723
20240427,2661,2745,2661,2732
20240424,2722,2765,2700,2745
20240423,2700,2767,2700,2765
20240422,2716,2780,2692,2770
20240421,2858,2858,2757,2774
20240420,2738,2859,2726,2770
20240417,2742,2750,2729,2737
20240416,2743,2780,2743,2756
20240415,2741,2795,2741,2770
20240414,2741,2741,2741,2768
20240413,2823,2823,2665,2768
20240409,2790,2845,2790,2810
20240408,2855,2855,2792,2808
20240407,2850,2859,2779,2806
20240406,2825,2852,2769,2805
20240403,2866,2877,2812,2861
20240402,2840,2880,2785,2866
20240330,2876,2900,2850,2876
20240327,2900,2900,2850,2876
20240326,2910,2930,2866,2876
20240325,2901,2977,2862,2876
20240324,2824,2980,2824,2846
20240318,2829,2900,2767,2832
20240317,2839,2857,2752,2797
20240316,2729,2857,2721,2800
20240313,2810,2810,2722,2778
20240312,2740,2827,2740,2782
20240311,2752,2800,2740,2778
20240310,2777,2799,2753,2789
20240309,2763,2820,2761,2793
20240306,2796,2848,2753,2795
20240305,2778,2910,2726,2789
20240304,2790,2855,2700,2726
20240303,2609,2790,2609,2701
20240302,2579,2650,2563,2608
20240228,2570,2590,2569,2580
20240227,2588,2601,2536,2576
20240226,2600,2620,2550,2588
20240224,2561,2652,2561,2624
20240221,2662,2662,2599,2638
20240220,2676,2680,2637,2662
20240219,2642,2691,2637,2676
20240218,2690,2700,2631,2685
20240217,2680,2725,2612,2694
20240214,2728,2760,2728,2728
20240213,2968,2968,2876,2933
20240212,2950,2989,2915,2960
20240210,3019,3019,2966,2998
20240207,2963,3030,2963,2999
20240206,3005,3020,2951,3001
20240205,2985,3015,2953,3005
20240204,3011,3030,2981,3010
20240203,3011,3030,2951,3011
20240131,2971,3015,2971,3011
20240130,3010,3030,2961,3013
20240129,3050,3050,2990,3028
20240128,3031,3050,3001,3031
20240127,3029,3045,3005,3031
20240124,3000,3054,2990,3029
20240123,3031,3035,2988,3029
20240122,3030,3040,2981,3031
20240121,3034,3035,2952,3030
20240120,3036,3056,3006,3034
20240117,3037,3040,3018,3036
20240116,2980,3050,2980,3037
20240115,3048,3048,2966,3033
20240114,3012,3039,3000,3033
20240113,2951,3058,2951,3012
20240110,3000,3030,2978,3005
20240109,3000,3006,2983,2998
20240108,2997,3009,2975,2998
20240107,2949,3013,2949,2998
20240106,2930,3018,2930,3005
20240103,3023,3030,2951,3009
20240102,3030,3035,2970,3024
20240101,2992,3038,2990,3030
20231231,3059,3059,3016,3035
20231230,3023,3044,3005,3036
20231227,3015,3035,2933,3024
20231226,3030,3030,2928,3024
20231225,2940,3041,2940,3032
20231224,3001,3063,3001,3032
20231223,3032,3060,2994,3032
20231220,3040,3042,3015,3032
20231219,3020,3045,3007,3032
20231218,2999,3040,2980,3020
20231216,2990,3003,2925,2989
20231213,2922,3000,2882,2961
20231212,2892,2955,2890,2935
20231211,2935,2950,2920,2936
20231210,2860,2950,2860,2935
20231209,2880,2940,2880,2918
20231206,2921,2930,2899,2920
20231205,2916,2979,2897,2921
20231204,2921,3047,2921,2916
20231203,2980,2980,2881,2882
20231202,2802,2930,2802,2848
20231129,2760,2820,2760,2794
20231128,2788,2798,2772,2788
20231127,2798,2800,2763,2788
20231126,2788,2800,2777,2788
20231125,2789,2809,2725,2788
20231122,2770,2800,2769,2788
20231121,2788,2800,2768,2788
20231120,2743,2800,2743,2788
20231119,2776,2800,2763,2789
20231118,2721,2800,2721,2788
20231115,2798,2825,2775,2793
20231114,2771,2822,2763,2798
20231113,2800,2829,2778,2798
20231112,2830,2840,2770,2793
20231111,2800,2820,2750,2788
20231108,2835,2836,2766,2788
20231107,2790,2836,2759,2787
20231106,2753,2798,2745,2772
20231105,2706,2790,2706,2753
20231104,2735,2780,2708,2744
20231101,2706,2730,2658,2708
20231031,2729,2730,2675,2706
20231030,2730,2730,2660,2704
20231029,2582,2730,2582,2693
20231028,2690,2720,2597,2685
20231025,2678,2730,2678,2711
20231024,2676,2733,2676,2710
20231023,2701,2739,2671,2710
20231022,2707,2725,2688,2710
20231021,2700,2730,2668,2707
20231018,2674,2737,2674,2705
20231017,2700,2740,2686,2705
20231016,2675,2733,2674,2685
20231015,2626,2700,2626,2675
20231014,2748,2748,2650,2673
20231011,2705,2755,2611,2672
20231010,2562,2715,2562,2645
20231009,2540,2650,2540,2642
20231008,2691,2691,2591,2666
20231007,2721,2749,2712,2717
20231004,2685,2724,2685,2720
20231002,2683,2730,2680,2718
20231001,2721,2740,2686,2721
20230930,2730,2730,2680,2721
20230927,2710,2744,2690,2728
20230926,2748,2749,2690,2728
20230925,2675,2755,2675,2728
20230923,2676,2740,2676,2731
20230920,2700,2748,2677,2731
20230919,2725,2748,2723,2731
20230918,2720,2749,2696,2731
20230917,2704,2752,2690,2731
20230913,2728,2750,2715,2729
20230912,2705,2750,2694,2728
20230911,2664,2708,2664,2705
20230910,2705,2709,2625,2704
20230909,2625,2742,2625,2706
20230905,2679,2746,2675,2710
20230904,2640,2696,2600,2651
20230903,2597,2639,2590,2631
20230902,2655,2669,2599,2625
20230830,2554,2659,2554,2623
20230829,2550,2650,2550,2609
20230828,2605,2680,2520,2607
20230827,2610,2633,2544,2600
20230826,2407,2571,2407,2482
20230823,2380,2480,2361,2407
20230822,2420,2420,2300,2400
20230821,2435,2441,2424,2438
20230820,2469,2506,2397,2439
20230819,2477,2519,2425,2482
20230816,2500,2570,2455,2541
20230815,2600,2600,2517,2560
20230814,2551,2633,2551,2578
20230813,2590,2635,2556,2578
20230812,2601,2601,2545,2582
20230809,2630,2648,2590,2610
20230808,2635,2635,2600,2626
20230807,2620,2672,2614,2636
20230806,2649,2660,2618,2636
20230805,2645,2653,2591,2631
20230801,2675,2675,2532,2577
20230731,2590,2590,2515,2564
20230730,2565,2598,2528,2578
20230729,2671,2671,2558,2598
20230726,2590,2679,2590,2615
20230725,0,0,0,3343
20230724,0,0,0,3543
20230723,0,0,0,2782
20230722,0,0,0,2782
20230719,0,0,0,2782
20230718,0,0,0,2782
20230717,2602,2847,2550,2782
20230716,2725,2725,2612,2661
20230715,2640,2719,2640,2700
20230712,2745,2800,2650,2751
20230711,2815,2860,2770,2817
20230710,2850,2850,2820,2864
20230709,2852,2891,2845,2883
20230708,2880,2920,2870,2901
20230705,2881,2920,2881,2905
20230704,2901,2910,2858,2902
20230703,2869,2940,2850,2901
20230702,2852,2920,2852,2901
20230701,2840,2950,2840,2904
20230628,2911,2949,2904,2939
20230627,2930,2950,2905,2946
20230626,2926,2960,2911,2949
20230625,2939,2960,2910,2950
20230624,2952,2959,2910,2950
20230621,2950,2960,2904,2953
20230620,2911,3000,2895,2953
20230619,3035,3035,2910,2957
20230618,3020,3020,2933,2985
20230617,3109,3119,3020,3081
20230614,3106,3170,3095,3120
20230613,2953,3195,2953,3111
20230612,0,0,0,3149
20230611,0,0,0,3149
20230610,0,0,0,3543
20230607,0,0,0,3543
20230606,0,0,0,3543
20230603,3504,3570,3504,3543
20230531,3586,3619,3544,3558
20230530,3610,3648,3560,3590
20230529,3588,3630,3588,3606
20230528,3553,3604,3530,3590
20230527,3471,3625,3471,3597
20230524,3540,3664,3539,3595
20230523,3638,3750,3540,3629
20230522,3550,3710,3540,3638
20230521,3380,3580,3351,3469
20230520,3415,3540,3353,3418
20230517,3280,3484,3263,3392
20230515,3248,3350,3100,3263
20230514,3100,3309,3100,3237
20230513,3201,3270,3063,3093
20230510,3388,3498,3224,3293
20230509,3137,3450,3137,3305
20230508,3350,3495,3343,3356
20230507,3980,3980,3521,3594
20230506,3620,3869,3620,3785
20230503,3600,3660,3590,3616
20230502,3653,3668,3580,3615
20230501,3610,3670,3510,3604
20230430,3690,3690,3558,3595
20230429,3450,3620,3410,3511
20230426,3491,3557,3407,3456
20230425,3570,3580,3431,3507
20230424,3570,3570,3455,3510
20230419,3550,3560,3438,3512
20230418,3419,3598,3419,3516
20230417,3359,3410,3261,3369
20230416,3349,3370,3271,3303
20230415,3257,3380,3257,3314
20230411,3180,3250,3150,3195
20230410,3350,3390,3153,3257
20230409,3381,3430,3322,3356
20230408,3320,3463,3260,3378
20230405,3214,3310,3131,3256
20230404,3240,3335,3134,3205
20230403,3161,3247,2980,3171
20230329,3180,3191,3145,3161
20230328,3150,3269,3112,3153
20230327,3123,3220,3020,3121
20230326,3180,3295,3078,3123
20230325,3060,3092,3040,3087
20230319,2770,2960,2700,2890
20230318,0,0,0,2530
20230315,0,0,0,2530
20230314,0,0,0,2530
20230313,0,0,0,5260
20230312,0,0,0,5260
20230311,5320,5360,5170,5260
20230307,5000,5059,4913,5018
20230306,4780,5030,4780,4923
20230305,4976,5100,4920,4991
20230304,4800,4974,4800,4879
20230301,4710,5053,4710,4838
20230228,4700,5013,4700,4896
20230227,4900,5160,4900,5016
20230226,5299,5300,4900,5099
20230225,4720,5002,4720,4978
20230222,4780,4790,4600,4675
20230221,4960,4968,4732,4843
20230220,4527,4762,4526,4706
20230219,4445,4528,4403,4451
20230215,4468,4528,4395,4421
20230214,4653,4735,4461,4549
20230213,4650,4796,4600,4665
20230212,4600,4717,4590,4688
20230208,4826,4899,4701,4782
20230207,4870,4940,4780,4825
20230206,4604,4849,4551,4690
20230205,4990,4990,4600,4769
20230201,4890,5000,4850,4930
20230131,4900,4920,4710,4850
20230130,4550,4890,4400,4650
20230129,4970,4970,4650,4680
20230128,5190,5200,4860,4990
20230125,5360,5370,5080,5190
20230124,5310,5380,5160,5260
20230123,5550,5670,5230,5400
20230122,5640,5770,5310,5480
20230121,5880,5880,5500,5670
20230118,5960,5990,5810,5890
20230117,6120,6150,5870,5990
20230116,5720,6080,5720,5960
20230115,0,0,0,5690
20230114,5570,5810,5450,5690
20230111,5890,5920,5570,5740
20230110,5930,6040,5750,5900
20230109,6040,6040,5660,5840
20230108,5820,5880,5650,5870
20230107,5320,5640,5280,5500
20230104,5260,5360,5160,5280
20230103,5270,5400,5210,5290
20230102,5210,5290,5180,5230
20230101,5180,5320,5120,5200
20221231,5410,5410,5100,5200
20221228,5240,5450,5230,5350
20221226,5310,5320,5160,5240
20221225,5300,5370,5280,5310
20221224,5300,5400,5230,5300
20221221,5000,5370,4940,5170
20221220,5030,5090,4960,5060
20221219,5240,5240,5050,5120
20221218,5130,5230,5100,5150
20221217,5170,5170,5010,5130
20221214,5290,5290,5050,5140
20221213,5300,5330,5190,5240
20221212,5210,5320,5180,5220
20221211,5240,5270,5030,5180
20221210,5570,5570,5190,5230
20221207,5880,5880,5530,5580
20221206,5960,5970,5720,5940
20221205,5930,6000,5830,6050
20221204,6190,6190,5950,6160
20221203,6220,6220,6030,6210
20221130,6280,6280,6080,6250
20221129,6290,6300,6170,6280
20221128,6300,6300,6270,6290
20221127,6290,6300,6280,6290
20221126,6290,6300,6280,6290
20221123,6280,6350,6280,6290
20221122,6280,6290,6260,6280
20221121,6300,6300,6270,6280
20221120,6270,6310,6270,6280
20221119,6280,6290,6240,6270
20221116,6280,6290,6270,6280
20221115,6280,6290,6170,6280
20221114,6280,6300,6270,6280
20221113,6330,6330,6250,6280
20221112,6270,6400,6270,6280
20221109,6250,6350,6250,6270
20221108,6350,6450,6160,6250
20221107,6070,6340,6020,6160
20221106,6080,6100,5940,6000
20221105,5870,6100,5870,5940
20221102,5870,5900,5850,5870
20221101,5900,5950,5870,5870
20221031,5870,5920,5860,5870
20221030,5870,5890,5860,5870
20221029,5860,5920,5840,5870
20221026,5980,6000,5620,5860
20221025,6100,6110,5860,6040
20221024,6130,6220,5910,6140
20221023,6320,6320,6150,6230
20221022,6300,6320,6260,6290
20221019,6320,6350,6250,6320
20221018,6330,6340,6320,6330
20221017,6340,6350,6220,6340
20221016,6350,6380,6230,6350
20221015,6350,6380,6340,6350
20221012,6350,6380,6340,6350
20221011,6340,6400,6300,6350
20221010,6330,6480,6160,6340
20221009,6470,6510,6200,6440
20221008,6540,6600,6460,6540
20221004,6500,6600,6390,6540
20221003,6370,6580,6370,6560
20221002,6780,6800,6510,6560
20221001,7120,7120,6790,7000
20220928,7130,7130,6830,7080
20220926,7100,7140,6800,7070
20220924,7250,7400,7050,7110
20220921,7370,7490,7230,7580
20220920,7800,7800,7360,7670
20220919,7690,7900,7550,7910
20220918,8080,8110,7670,7960
20220914,8020,8160,7910,8080
20220913,8000,8190,8000,8170
20220912,8230,8230,8000,8170
20220911,8200,8310,8020,8230
20220910,8300,8300,8090,8310
20220907,8310,8550,8310,8500
20220906,8550,8550,8360,8520
20220905,8520,8560,8520,8550
20220904,8400,8570,8350,8550
20220903,8500,8610,8400,8580
20220831,8500,8650,8500,8590
20220830,8610,8620,8450,8610
20220829,8460,8630,8460,8610
20220828,8600,8620,8600,8610
20220827,8610,8620,8600,8610
20220824,8610,8620,8610,8610
20220823,8700,8700,8600,8610
20220822,8500,8700,8350,8610
20220821,8470,8640,8470,8620
20220820,8500,8630,8500,8620
20220817,8440,8700,8440,8620
20220816,8730,8730,8610,8610
20220815,8410,8700,8360,8610
20220814,8620,8640,8590,8600
20220813,8390,8740,8360,8610
20220810,8600,8600,8410,8540
20220809,8670,8670,8450,8540
20220806,8500,8800,8500,8530
20220803,8510,8540,8510,8510
20220802,8380,8520,8380,8510
20220801,8500,8560,8340,8510
20220731,8550,8560,8370,8510
20220730,8540,8590,8320,8550
20220727,8560,8600,8540,8560
20220726,8500,8570,8430,8560
20220725,8660,8660,8550,8560
20220724,8720,8720,8600,8660
20220723,8800,8800,8800,8720
20220720,0,0,0,8720
20220719,0,0,0,8840
20220717,0,0,0,8840
20220716,8830,8870,8630,8840
20220713,8800,8870,8620,8840
20220712,8890,8900,8600,8880
20220711,8900,8910,8720,8890
20220709,8940,8950,8800,8920
20220706,8940,8950,8830,8940
20220705,8950,8970,8830,8950
20220704,8950,8960,8820,8950
20220703,8970,8970,8760,8950
20220702,8990,9000,8810,8970
20220629,8990,9000,8980,8990
20220628,8980,9000,8890,8990
20220627,8980,9000,8770,8980
20220626,9010,9010,8760,8980
20220625,9010,9030,8790,9010
20220622,9000,9020,8850,9020
20220621,9070,9070,8750,9040
20220620,9050,9100,8940,9050
20220619,9090,9100,9000,9050
20220618,9060,9190,8620,9050
20220615,9070,9100,9070,9070
20220614,9070,9080,9060,9070
20220613,8970,9210,8960,9070
20220612,8950,8970,8950,8960
20220611,8960,8980,8960,8960
20220608,8960,8980,8930,8960
20220607,8960,8970,8960,8960
20220606,8960,8980,8960,8960
20220601,8960,8980,8960,8960
20220531,8960,8970,8960,8960
20220530,8960,8970,8950,8960
20220529,8960,8980,8960,8960
20220528,8960,8970,8960,8960
20220525,8960,8970,8950,8960
20220524,8960,8970,8960,8960
20220523,8960,8970,8950,8960
20220522,8960,8970,8960,8960
20220521,8950,8970,8950,8960
20220518,8950,8960,8950,8950
20220517,8950,8960,8940,8950
20220516,8940,8960,8940,8940
20220515,8940,8950,8930,8940
20220514,8940,8950,8930,8940
20220511,8940,8960,8920,8940
20220510,8920,8960,8910,8920
20220509,8920,8960,8910,8920
20220508,8990,8990,8940,8950
20220507,8940,8980,8940,8950
20220502,9000,9000,8940,8940
20220501,8900,8960,8900,8940
20220430,8900,8970,8900,8900
20220427,9000,9000,8900,8900
20220426,8890,9000,8880,8900
20220425,8890,8900,8890,8890
20220424,8890,8920,8870,8890
20220420,8890,8980,8880,8890
20220419,8920,8920,8870,8890
20220418,8830,9000,8830,8870
20220417,8830,8880,8820,8830
20220416,8880,8880,8820,8830
20220413,8800,8850,8800,8830
20220412,8840,8850,8810,8830
20220411,8840,8850,8830,8840
20220410,8710,8950,8710,8840
20220409,8780,8780,8710,8710
20220406,8780,8780,8700,8710
20220405,8740,8800,8700,8710
20220404,8700,8850,8680,8710
20220403,8670,8880,8670,8680
20220330,8660,8940,8650,8670
20220329,9060,9060,8610,8660
20220328,8690,8930,8690,8630
20220327,8580,8690,8490,8510
20220326,8450,8730,8410,8460
20220319,8410,8410,8400,8410
20220316,8010,0,0,8010
20220315,7990,8040,7990,8010
20220314,8000,8000,7800,7990
20220313,7930,8000,7930,7980
20220312,8010,8010,7950,7980
20220309,8010,8050,8000,8010
20220308,8010,8020,8000,8010
20220307,8010,8050,8000,8010
20220306,8010,8040,7990,8010
20220305,7960,8040,7780,8010
20220302,7970,7970,7620,7960
20220228,7970,7970,7940,7960
20220227,7960,7990,7950,7960
20220226,7980,7990,7910,7960
20220223,7950,8030,7950,7980
20220222,7950,7980,7940,7950
20220221,7910,8120,7910,7950
20220220,7900,8000,7900,7910
20220219,7860,8040,7850,7900
20220216,7860,7870,7860,7860
20220214,7770,7900,7770,7860
20220213,7800,7800,7700,7800
20220212,7950,7960,7850,7880
20220209,7770,7950,7770,7880
20220208,7660,7900,7560,7770
20220207,7650,7700,7630,7660
20220206,7710,7710,7610,7660
20220205,7620,7710,7510,7680
20220202,7630,7750,7500,7620
20220201,7510,7630,7500,7560
20220131,7600,7600,7450,7450
20220130,7620,7620,7360,7400
20220129,7330,7570,7310,7370
20220126,7310,7330,7300,7310
20220125,7310,7320,7310,7310
20220124,7310,7320,7310,7310
20220123,7310,7360,7310,7310
20220122,7310,7400,7310,7310
20220119,7300,7350,7200,7310
20220118,7360,7360,6690,7290
20220117,7150,0,0,7010
20220116,0,0,0,7010
20220115,0,0,0,14020
20220112,0,0,0,14020
20220111,0,0,0,14020
20220110,0,0,0,14020
20220109,0,0,0,14020
20220108,0,0,0,14020
20220105,14010,14120,14010,14020
20220104,14010,14070,13980,14010
20220103,14010,14030,13800,14010
20220102,14000,14030,13740,14010
20220101,14150,14150,13980,14000
20211229,14000,14090,13960,14010
20211228,13950,14100,13940,13960
20211227,13920,14100,13920,13950
20211226,13920,14120,13900,13920
20211225,13750,14150,13750,13920
20211222,13100,13750,13100,13680
20211221,12960,13280,12960,13100
20211220,12800,13000,12770,12960
20211219,12990,12990,12760,12770
20211218,12730,12820,12730,12770
20211215,12730,12770,12730,12730
20211214,12730,12740,12720,12730
20211213,12730,12750,12720,12730
20211212,12880,12880,12710,12730
20211211,12760,12800,12760,12760
20211208,12700,13000,12700,12760
20211207,12800,12800,12580,12740
20211206,12850,12900,12850,12850
20211205,12820,12950,12820,12850
20211204,12980,13000,12700,12860
20211201,13080,13100,12910,13050
20211130,12900,13320,12880,13080
20211129,13000,13010,12950,13020
20211128,13060,13140,12970,13070
20211127,13230,13240,12610,13130
20211124,13270,13270,13170,13230
20211123,13270,13280,13250,13270
20211122,13250,13300,13250,13280
20211121,13240,13270,13220,13250
20211120,13330,13330,12760,13240
20211117,13320,13340,13250,13320
20211116,13240,13380,13240,13320
20211115,13470,13490,12960,13380
20211114,13330,13500,13330,13470
20211113,13470,13830,13410,13470
20211110,13600,14150,13570,13650
20211109,13600,13640,13500,13580
20211108,13400,13790,13400,13590
20211107,13910,13910,12830,13570
20211106,13270,13900,13270,13500
20211103,13210,13590,12890,13250
20211102,13700,13700,13100,13210
20211101,12450,13480,12450,13160
20211031,13400,13400,12960,13050
20211030,13600,13680,13590,13640
20211027,13550,13750,13550,13680
20211026,13550,13710,13550,13700
20211025,13960,13970,13850,13910
20211023,14300,14400,14000,14100
20211020,14410,14420,14400,14410
20211019,14410,14430,14410,14420
20211018,14440,14440,14400,14410
20211017,14440,14450,14430,14440
20211016,14400,14470,14400,14440
20211013,14520,14520,14330,14400
20211012,14640,14650,14380,14520
20211011,14600,14660,14600,14640
20211010,14680,14700,14640,14650
20211009,14720,14730,14550,14680
20211006,14730,14740,14710,14720
20211004,14730,14740,14720,14730
20211003,14720,14730,14700,14720
20211002,14710,14740,14280,14720
20210929,14720,14740,14520,14720
20210928,14710,14740,14690,14720
20210926,14730,14770,14720,14730
20210925,14310,14750,14310,14730
20210922,14700,14830,14690,14720
20210921,14920,14930,14500,14830
20210920,14900,14970,14860,14910
20210919,14900,14910,14880,14900
20210918,14970,14980,14790,14940
20210915,14970,14980,14960,14970
20210914,14950,14990,14950,14970
20210913,14970,14980,14940,14960
20210912,15060,15070,14700,14990
20210911,15050,15090,15010,15060
20210908,15050,15200,15030,15050
20210907,15060,15080,15020,15050
20210906,15050,15090,15040,15060
20210905,15060,15070,15030,15050
20210904,15040,15100,15020,15060
20210901,15010,15050,14990,15030
20210831,15040,15050,14980,15030
20210830,15050,15100,14990,15040
20210829,15150,15200,14980,15050
20210828,14930,15090,14930,15000
20210825,15000,15150,14960,14980
20210824,14940,15200,14900,14980
20210823,15210,15210,14700,14940
20210822,14910,15240,14800,15160
20210815,15230,15240,15150,15230
20210814,15250,15290,15220,15230
20210811,15200,15290,14920,15230
20210810,15360,15360,14960,15240
20210809,15370,15380,15130,15360
20210808,15380,15400,15150,15370
20210807,15360,15600,15350,15380
20210804,15600,15600,15140,15350
20210803,0,0,0,15240
20210802,0,0,0,15240
20210801,0,0,0,15390
20210731,0,0,0,15390
20210728,15150,15660,15150,15390
20210727,15620,15620,15100,15330
20210726,15360,15370,15340,15320
20210719,0,0,0,15290
20210718,0,0,0,15290
20210717,0,0,0,15290
20210714,15270,15800,15260,15290
20210713,15260,15290,15250,15270
20210712,15220,15540,15210,15260
20210711,15220,15230,15220,15220
20210710,15210,15230,15210,15220
20210707,15210,15220,15210,15210
20210706,15210,15220,15210,15210
20210705,15200,15220,15200,15210
20210704,15210,15220,15200,15200
20210703,15210,15230,15190,15210
20210630,15200,15230,15200,15210
20210629,14910,15330,14910,15200
20210628,0,0,0,15340
20210627,0,0,0,15340
20210626,0,0,0,15340
20210623,15340,15390,15330,15340
20210622,15220,15550,15210,15330
20210621,15210,15220,15210,15210
20210620,15210,15220,15210,15210
20210619,15180,15220,15180,15200
20210616,15180,15190,15180,15180
20210615,15180,15200,15170,15180
20210614,15800,15800,15100,15180
20210613,15890,15900,15880,15890
20210612,15890,15900,15880,15890
20210609,15890,15900,15890,15890
20210608,15860,15990,15860,15880
20210607,15840,15870,15840,15860
20210602,15200,15860,15200,15840
20210601,15820,15850,15820,15830
20210531,15820,15850,15820,15820
20210530,15800,15840,15490,15810
20210529,15790,15800,15750,15780
20210526,15670,15820,15670,15690
20210525,15600,15890,15600,15670
20210524,15650,15650,15650,16420
20210523,16500,17220,16380,16470
20210522,17240,17250,17230,17240
20210519,17220,17250,17220,17230
20210518,17200,17250,16340,17220
20210517,17200,17250,17190,17200
20210516,17080,17130,17080,17110
20210515,17040,17090,17030,17070
20210512,17020,17080,17010,17030
20210511,16700,16810,16600,16760
20210510,16510,16900,16470,16560
20210509,16140,16700,16140,16390
20210508,16580,16850,16200,16630
20210505,16000,16100,16000,16020
20210503,15120,15250,15090,15130
20210502,14960,15070,14890,14960
20210501,14500,14800,14500,14610
20210428,13770,14400,13770,14180
20210427,13700,13730,13680,13700
20210426,13690,13700,13660,13690
20210425,13680,13700,13670,13680
20210424,13660,13700,13650,13670
20210421,13650,13800,13640,13660
20210420,13400,13810,13390,13580
20210419,13380,13420,13380,13400
20210418,13450,13480,13290,13400
20210417,13170,13460,13170,13450
20210414,13450,13600,13410,13430
20210413,13340,13780,13310,13420
20210412,13310,13330,13300,13320
20210411,13300,13320,13290,13310
20210410,13290,13340,13280,13300
20210407,13290,13370,13280,13290
20210406,13090,13250,13090,13220
20210405,13090,13110,13070,13090
20210404,13050,13090,13050,13070
20210403,13050,13090,13040,13050
20210331,13030,13080,13000,13040
20210330,13100,13150,12950,13030
20210328,13000,13090,12930,13000
20210327,13190,13190,12680,12940
20210317,12750,13000,12750,12930
20210316,12510,12990,12510,12730
20210315,12480,12540,12480,12510
20210314,12360,12510,12260,12480
20210313,12080,12350,12070,12200
20210310,12070,12090,12060,12080
20210309,11820,12110,11820,12070
20210308,11730,11850,11720,11820
20210307,11460,11830,11460,11720
20210306,11670,11890,11670,11690
20210303,11730,11970,11730,11900
20210302,11730,12010,11730,11900
20210301,11730,11730,11730,11960
20210228,11740,11740,11740,11960
20210227,11970,12100,11970,11970
20210224,12200,12290,12200,12210
20210223,12220,12220,12220,12440
20210222,12220,12220,12220,12460
20210221,12230,12230,12230,12460
20210220,12240,12240,12240,12470
20210217,0,0,0,12480
20210216,0,0,0,12480
20210215,0,0,0,12480
20210214,0,0,0,12480
20210213,12170,12630,12150,12480
20210209,12140,12320,12020,12150
20210208,12020,12200,11710,12020
20210207,11490,12020,11250,11950
20210206,11480,11500,11430,11480
20210203,11500,11750,11170,11480
20210202,11870,12320,11720,11750
20210201,12420,12700,12120,12330
20210131,12630,12970,12630,12750
20210130,12300,12730,12300,12620
20210127,12270,12570,11660,12290
20210126,12430,12590,11810,12270
20210125,12400,12730,11820,12430
20210124,12810,12810,11700,12400
20210123,11850,12420,11840,12200
20210120,11300,11850,11300,11840
20210119,10610,11590,10610,11290
20210118,10710,10710,10710,11160
20210116,11380,11390,10820,11270
20210113,11720,11770,11140,11380
20210112,11800,11830,11420,11720
20210111,11600,11800,11590,11770
20210110,11470,11840,11350,11590
20210109,11590,11620,11240,11470
20210106,11570,11880,11330,11590
20210105,12000,12020,11500,11920
20210104,11570,12000,11570,11940
20210103,11040,11900,11020,11500
20210102,11990,12000,11400,11600
20201230,12060,12080,11920,11990
20201229,12100,12160,12000,12060
20201228,12050,12160,12000,12090
20201227,11910,12190,11710,12000
20201226,12010,12100,11820,11910
20201223,12340,12340,11990,12010
20201222,11960,12220,11940,12000
20201221,11880,12050,11460,11950
20201220,12040,12050,11680,11880
20201219,11990,12330,11980,12040
20201216,11650,12250,11650,11980
20201215,12410,12430,11780,12260
20201214,12330,12690,12150,12390
20201213,12400,12590,12100,12320
20201212,11840,12420,11840,12320
20201209,11820,11860,11810,11830
20201208,11760,11830,11500,11720
20201207,11700,11970,11500,11720
20201206,11730,11800,11280,11700
20201205,11710,11800,11660,11720
20201202,11680,11750,11670,11710
20201201,11780,11900,11450,11670
20201130,11500,11780,11450,11630
20201129,11300,11530,11000,11340
20201128,11340,11440,11100,11280
20201125,11140,11420,10990,11270
20201124,11050,11150,10620,10990
20201123,10220,10710,10220,10620
20201122,10270,10510,9750,10200
20201121,10450,10650,10000,10260
20201118,10090,10210,9920,10170
20201117,9500,9780,9320,9730
20201116,9030,9480,8990,9320
20201115,9310,9310,8880,9030
20201114,8800,8880,8700,8870
20201111,8400,8670,8360,8460
20201110,8500,8580,8180,8390
20201109,8400,8700,8220,8360
20201108,8510,8510,8510,8650
20201107,9170,9290,8610,8950
20201104,8800,9160,8740,9060
20201102,8790,8900,8500,8730
20201101,9190,9190,8640,8700
20201031,8820,9200,8810,9090
20201028,8760,9140,8740,8770
20201027,9440,9590,8970,9190
20201026,9440,9500,9440,9440
20201024,10030,10070,9530,9930
20201021,9760,10170,9760,10030
20201020,9670,10000,9670,9690
20201019,10170,10400,10170,10170
20201018,11200,11220,10670,10700
20201014,11360,11540,10710,11230
20201013,10930,11250,10770,11230
20201012,10850,10870,10310,10720
20201011,0,0,0,10720
20201010,10580,10920,10350,10720
20201007,10500,10650,9990,10400
20201006,9980,10250,9800,10230
20201005,9720,10000,9500,9770
20201004,10170,10170,9290,9820
20201003,9510,9800,9500,9770
20200930,9300,9520,9000,9340
20200929,9230,9610,9230,9300
20200928,9400,9400,9400,9710
20200927,10000,10200,9800,9890
20200926,10700,10850,10030,10310
20200923,10440,10890,10300,10550
20200922,10230,10880,10230,10380
20200921,10300,10300,10300,10760
20200920,11150,11220,10650,10840
20200919,11280,11500,10690,11210
20200916,11530,11550,10900,11250
20200915,10710,11030,10710,11000
20200914,10140,10630,10000,10510
20200913,9800,10500,9750,10130
20200912,10230,10230,9920,10190
20200909,9510,10200,9510,9750
20200908,10180,10190,9680,10010
20200907,10600,10600,10090,10180
20200906,11100,11110,10120,10620
20200905,10570,10960,10240,10590
20200902,10850,10890,10310,10440
20200901,11420,11450,10720,10850
20200831,11790,11790,10700,11280
20200826,11230,11230,11230,11230
20200825,10430,10750,10430,10700
20200824,10250,10550,10240,10240
20200823,10900,11220,10660,10770
20200822,11610,11880,11110,11220
20200819,11990,12000,11400,11690
20200818,12120,12120,11650,11990
20200817,11270,11980,11250,11550
20200816,11820,12300,11820,11840
20200815,12960,13200,12320,12440
20200812,13900,13900,12620,12960
20200811,13260,13610,13260,13280
20200810,14150,14570,13860,13950
20200809,14610,14610,14000,14580
20200805,13920,13920,13920,13920
20200804,13260,13260,13200,13260
20200803,12870,13080,12160,12630
20200802,12500,12500,12100,12460
20200801,11890,11920,11840,11910
20200729,11810,11900,11220,11360
20200728,12400,12400,11480,11810
20200727,12000,12600,12000,12080
20200726,0,0,0,14500
20200725,0,0,0,14500
20200722,0,0,0,14500
20200721,0,0,0,14550
20200720,0,0,0,14550
20200719,14100,14650,14100,14550
20200718,14000,14490,13650,13960
20200715,14020,14550,13700,14160
20200714,14190,14420,13600,13970
20200713,13810,14520,13810,13880
20200712,14680,14700,13460,14530
20200711,13830,15270,13830,14000
20200708,15170,15170,14420,14550
20200707,15300,15630,14760,15170
20200706,15330,15340,15160,15330
20200705,13750,15160,13750,14610
20200704,15320,15320,13870,14440
20200701,14600,14600,14400,14600
20200630,13910,13910,13800,13910
20200629,13500,13700,13190,13250
20200628,14680,14710,13310,13880
20200627,14010,14010,14010,14010
20200624,0,0,0,13350
20200623,0,0,0,13350
20200622,13000,13490,12350,13350
20200621,12900,12900,12370,12850
20200620,12290,12290,12290,12290
20200616,11710,11710,11710,11710
20200615,11170,11170,10770,11160
20200614,10640,10640,10450,10640
20200613,10100,10500,9780,10140
20200610,10120,10210,9868,10003
20200609,10000,10350,9555,9832
20200608,10849,10849,9817,10057
20200607,10349,10349,10000,10333
20200606,9798,9938,9600,9857
20200602,9150,9501,9150,9465
20200601,8890,9244,8632,9049
20200531,9488,9488,8645,8890
20200530,9068,9114,8849,9100
20200527,8270,8795,8270,8680
20200526,8710,9007,8169,8377
20200523,8362,8999,8270,8598
20200520,8855,9071,8618,8675
20200519,9746,9851,8913,9071
20200518,9230,9800,9100,9382
20200517,9459,9459,9459,9459
20200516,9752,9752,9752,9752
20200513,10500,10500,9975,10265
20200512,0,0,0,10749
20200511,11032,11032,11032,10749
20200510,10507,10507,10507,10507
20200509,10007,10007,9901,10007
20200506,8951,9716,8920,9531
20200505,9389,9389,8800,9254
20200504,8942,8942,8942,8942
20200503,8517,8517,8517,8517
20200502,8112,8112,8112,8112
20200429,7726,7726,7726,7726
20200428,7372,7372,7372,7359
20200427,6695,7029,6695,7021
20200426,0,0,0,6377
20200425,0,0,0,6377
20200422,6448,6448,6448,6377
20200421,6141,6141,6100,6141
20200420,5680,5872,5501,5849
20200419,5660,5660,5125,5593
20200418,5391,5391,5391,5391
20200415,5100,5139,5021,5135
20200414,4648,4975,4550,4895
20200413,4849,4849,4620,4739
20200412,4395,4663,4395,4620
20200411,4439,4540,4370,4441
20200408,4450,4510,4323,4437
20200407,4300,4511,4282,4436
20200406,4400,4400,4217,4297
20200405,4550,4550,4280,4436
20200404,4356,4370,4300,4366
20200330,4170,4300,3999,4162
20200329,4175,4175,3995,4138
20200328,3977,3977,3977,3977
20200325,3787,3788,3777,3788
20200324,3572,3658,3437,3608
20200318,3400,3509,3368,3484
20200317,3365,3388,3180,3342
20200316,3265,3368,3245,3318
20200315,3224,3299,3224,3230
20200314,3320,3398,3284,3393
20200311,3400,3475,3320,3456
20200310,3241,3435,3234,3310
20200309,3540,3559,3383,3402
20200307,3507,3679,3452,3561
20200304,3500,3567,3437,3543
20200303,3360,3403,3321,3398
20200302,3183,3279,3172,3241
20200301,3033,3180,3033,3123
20200229,3083,3135,3083,3084
20200226,3264,3280,3191,3245
20200225,3093,3221,3093,3205
20200224,3150,3155,3000,3068
20200223,2990,3095,2980,3085
20200222,2921,3020,2921,2948
20200219,3085,3115,3035,3074
20200218,3100,3129,3016,3059
20200217,3160,3195,3040,3133
20200216,3132,3231,3091,3160
20200215,3270,3270,3085,3132
20200212,3055,3195,3055,3182
20200210,3160,3160,3030,3043
20200209,3324,3324,3158,3189
20200208,3399,3399,3201,3324
20200205,3180,3245,3150,3238
20200204,3060,3137,3000,3091
20200203,2960,3043,2930,2988
20200202,2900,2997,2820,2927
20200201,3000,3020,2852,2940
20200128,2930,2986,2924,2982
20200127,2810,2900,2745,2844
20200126,2901,2901,2722,2799
20200125,2990,2990,2797,2859
20200122,2720,2947,2700,2861
20200121,2935,2935,2731,2808
20200120,2778,2877,2670,2836
20200119,2777,2848,2659,2740
20200118,2739,2739,2700,2738
20200115,2503,2617,2480,2609
20200114,2431,2526,2360,2493
20200113,2400,2411,2337,2406
20200112,2297,2297,2290,2297
20200111,2203,2203,2203,2188
20200108,2160,2160,2160,2160
20200107,2244,2293,2132,2204
20200105,2233,2290,2232,2244
20200104,2349,2349,2349,2349
20200101,2497,2505,2435,2472
20191231,2500,2500,2391,2456
20191230,2433,2530,2425,2476
20191229,2447,2450,2390,2421
20191228,2400,2455,2376,2418
20191225,2400,2420,2321,2375
20191224,2380,2440,2331,2408
20191223,2386,2466,2300,2401
20191222,2393,2410,2350,2372
20191221,2399,2435,2359,2393
20191218,2267,2336,2267,2332
20191217,2234,2270,2197,2225
20191216,2288,2288,2225,2247
20191215,2335,2335,2220,2262
20191214,2300,2349,2269,2298
20191211,2390,2390,2300,2326
20191210,2399,2447,2334,2390
20191209,2423,2423,2356,2383
20191208,2320,2429,2310,2385
20191207,2310,2374,2290,2314
20191204,2300,2312,2265,2291
20191203,2300,2309,2230,2276
20191202,2350,2350,2241,2296
20191201,2300,2350,2270,2312
20191130,2260,2325,2250,2299
20191127,2261,2319,2234,2281
20191126,2199,2300,2171,2234
20191125,2170,2230,2141,2198
20191124,2148,2169,2130,2140
20191123,2140,2150,2100,2128
20191120,2128,2135,2100,2114
20191119,2100,2129,2060,2100
20191118,2069,2098,2030,2071
20191117,2036,2145,2026,2066
20191116,2162,2195,2080,2132
20191113,2170,2190,2131,2161
20191112,2136,2215,2121,2176
20191111,2100,2134,2090,2112
20191110,2110,2120,2060,2096
20191109,2031,2088,2030,2087
20191105,1993,2020,1931,1989
20191104,2032,2054,1998,2007
20191103,2185,2250,2071,2103
20191102,2261,2261,2140,2179
20191030,2200,2255,2152,2229
20191028,2160,2190,2159,2174
20191026,2199,2199,2120,2160
20191023,2240,2240,2150,2184
20191022,2217,2224,2151,2206
20191021,2060,2152,2000,2119
20191020,2150,2170,2028,2050
20191016,2143,2180,2092,2134
20191015,2249,2268,2130,2143
20191014,2310,2378,2235,2242
20191013,2400,2460,2292,2352
20191012,2380,2389,2303,2346
20191009,2261,2395,2241,2306
20191008,2400,2451,2343,2357
20191007,2560,2587,2432,2466
20191006,2610,2618,2556,2560
20191005,2630,2715,2600,2690
20191002,2620,2632,2528,2586
20191001,2690,2719,2521,2648
20190930,2629,2700,2608,2653
20190929,2657,2665,2541,2628
20190928,2530,2555,2510,2549
20190925,2329,2444,2328,2434
20190924,2333,2379,2279,2328
20190923,2320,2398,2275,2332
20190922,2320,2340,2216,2317
20190921,2130,2236,2130,2229
20190918,2195,2200,2087,2130
20190917,2200,2259,2147,2196
20190916,2250,2265,2151,2223
20190915,2150,2251,2101,2204
20190914,2170,2220,2138,2186
20190911,2045,2117,2042,2115
20190908,2046,2046,1987,2017
20190907,2060,2080,2018,2040
20190904,1992,2060,1975,2043
20190903,1948,2010,1895,1962
20190902,2000,2000,1921,1956
20190901,1999,2051,1950,2006
20190831,1950,1983,1910,1973
20190828,1860,1948,1840,1889
20190827,1956,1967,1881,1925
20190826,1889,1967,1850,1956
20190825,1928,1929,1814,1874
20190824,1839,1881,1801,1878
20190821,1792,1792,1779,1792
20190819,1645,1722,1623,1707
20190818,1650,1667,1621,1640
20190817,1673,1685,1641,1657
20190814,1680,1690,1646,1663
20190813,1678,1678,1621,1641
20190811,1697,1697,1611,1677
20190810,1730,1730,1656,1690
20190807,1750,1750,1688,1703
20190806,1780,1780,1715,1750
20190805,0,0,0,1785
20190804,0,0,0,1785
20190803,0,0,0,1785
20190731,1797,1825,1755,1785
20190730,1760,1798,1736,1762
20190729,1765,1770,1740,1754
20190728,1749,1788,1736,1754
20190727,1721,1764,1719,1735
20190724,1734,1750,1680,1714
20190723,1763,1763,1710,1742
20190722,0,0,0,1764
20190721,0,0,0,1764
20190720,0,0,0,1764
20190717,1730,1797,1695,1764
20190716,1829,1843,1738,1762
20190715,1840,1844,1809,1829
20190714,1820,1839,1790,1822
20190713,1779,1830,1761,1794
20190710,1770,1780,1730,1762
20190709,1800,1807,1750,1769
20190708,1747,1810,1740,1801
20190707,1747,1747,1709,1724
20190706,1767,1770,1697,1730
20190703,1770,1790,1742,1764
20190702,1779,1795,1732,1761
20190701,1783,1800,1754,1778
20190630,1823,1843,1780,1801
20190626,1828,1853,1801,1822
20190625,1831,1834,1788,1808
20190624,1830,1845,1791,1814
20190623,1800,1829,1797,1811
20190622,1761,1825,1737,1794
20190619,1839,1870,1756,1812
20190618,1806,1806,1770,1805
20190617,1695,1781,1680,1720
20190616,1720,1745,1662,1729
20190615,1579,1688,1570,1662
20190612,1596,1615,1585,1608
20190611,1520,1561,1517,1539
20190610,1570,1602,1519,1565
20190609,1523,1547,1504,1526
20190608,1520,1543,1499,1511
20190603,1548,1567,1498,1522
20190602,1520,1551,1510,1534
20190601,1499,1525,1471,1500
20190529,1531,1573,1487,1527
20190528,1505,1558,1493,1535
20190526,1430,1496,1429,1484
20190525,1469,1469,1401,1425
20190522,1482,1493,1450,1470
20190521,1430,1489,1420,1460
20190520,1439,1439,1383,1419
20190519,1444,1447,1398,1421
20190518,1400,1438,1400,1433
20190515,1410,1430,1346,1370
20190514,1352,1415,1352,1406
20190513,1359,1369,1300,1348
20190512,1408,1408,1334,1339
20190511,1470,1485,1383,1404
20190508,1431,1500,1428,1455
20190507,1520,1530,1462,1463
20190506,1581,1621,1469,1538
20190505,1549,1551,1478,1546
20190504,1420,1481,1407,1478
20190501,1418,1432,1395,1411
20190430,1427,1441,1382,1410
20190429,1429,1440,1399,1414
20190428,1399,1436,1380,1414
20190427,1420,1426,1373,1398
20190424,1405,1440,1391,1419
20190423,1405,1430,1380,1400
20190422,1500,1500,1407,1434
20190420,1442,1486,1422,1481
20190417,1417,1445,1395,1416
20190416,1450,1513,1407,1468
20190415,1440,1480,1419,1447
20190414,1410,1449,1363,1419
20190413,1479,1495,1380,1424
20190410,1399,1452,1377,1436
20190409,1350,1393,1333,1383
20190408,1300,1353,1285,1327
20190407,1270,1290,1260,1289
20190406,1180,1240,1170,1229
20190331,1199,1200,1156,1181
20190330,1188,1199,1178,1185
20190327,1180,1200,1165,1184
20190326,1164,1198,1148,1192
20190325,1141,1164,1130,1141
20190319,1140,1140,1114,1123
20190318,1109,1116,1095,1107
20190317,1117,1117,1081,1098
20190316,1090,1118,1086,1098
20190313,1052,1098,1045,1077
20190312,1050,1060,1039,1049
20190311,1045,1065,1033,1046
20190310,1048,1050,1032,1041
20190309,1040,1044,1029,1038
20190306,1040,1043,1027,1036
20190305,1040,1042,1020,1034
20190304,1042,1048,1014,1032
20190303,1054,1060,1036,1043
20190302,1060,1068,1039,1050
20190227,1060,1068,1047,1055
20190226,1050,1070,1031,1057
20190225,1080,1083,1057,1068
20190224,1070,1091,1063,1075
20190223,1080,1083,1064,1072
20190220,1076,1077,1055,1067
20190219,1082,1089,1061,1074
20190218,1060,1101,1042,1075
20190217,1062,1067,1040,1057
20190216,1070,1072,1050,1062
20190213,1069,1080,1056,1067
20190212,1075,1080,1050,1066
20190210,1085,1085,1060,1068
20190206,1080,1095,1056,1070
20190205,1086,1089,1068,1075
20190204,1108,1117,1073,1089
20190203,1118,1123,1067,1091
20190202,1136,1139,1103,1119
20190130,1159,1160,1119,1136
20190129,1171,1185,1135,1154
20190128,1179,1180,1149,1163
20190127,1240,1240,1162,1200
20190126,1249,1253,1191,1222
20190123,1249,1250,1225,1235
20190122,1203,1240,1190,1223
20190121,1232,1241,1189,1192
20190120,1290,1290,1231,1251
20190119,1317,1317,1280,1295
20190116,1310,1340,1301,1314
20190115,1327,1329,1296,1308
20190114,1340,1350,1310,1325
20190113,1317,1340,1308,1324
20190112,1337,1370,1306,1333
20190109,1332,1350,1305,1328
20190108,1360,1370,1305,1326
20190107,1409,1410,1352,1373
20190106,1401,1445,1388,1410
20190105,1395,1414,1357,1392
20190102,1394,1394,1380,1394
20190101,1321,1381,1320,1328
20181231,0,0,0,999
20181230,0,0,0,999
20181229,0,0,0,999
20181226,0,0,0,999
20181225,0,0,0,999
20181224,0,0,0,999
20181223,0,0,0,999
20181222,0,0,0,999
20181219,0,0,0,999
20181218,0,0,0,999
20181217,0,0,0,999
20181216,0,0,0,999
20181215,0,0,0,999
20181212,0,0,0,999
20181211,0,0,0,999
20181210,0,0,0,999
20181209,0,0,0,999
20181208,0,0,0,999
20181205,0,0,0,999
20181204,0,0,0,999
20181203,0,0,0,999
20181202,0,0,0,999
20181201,0,0,0,999
20181128,0,0,0,999
20181127,0,0,0,999
20181126,0,0,0,999
20181124,0,0,0,999
20181121,0,0,0,999
20181120,0,0,0,999
20181119,0,0,0,999
20181118,0,0,0,999
20181117,0,0,0,999
20181114,0,0,0,999
20181113,0,0,0,999
20181112,0,0,0,999
20181111,0,0,0,999
20181110,0,0,0,999
20181106,0,0,0,999
20181105,0,0,0,999
20181104,0,0,0,999
20181103,0,0,0,999
20181031,0,0,0,999
20181029,0,0,0,999
20181028,0,0,0,999
20181027,0,0,0,999
20181024,0,0,0,999
20181023,0,0,0,999
20181022,0,0,0,999
20181021,0,0,0,999
20181020,0,0,0,999
20181017,0,0,0,999
20181016,0,0,0,999
20181015,0,0,0,999
20181014,0,0,0,999
20181013,0,0,0,999
20181010,0,0,0,999
20181009,0,0,0,999
20181008,0,0,0,999
20181007,0,0,0,999
20181006,0,0,0,999
20181003,0,0,0,999
20181002,0,0,0,999
20181001,0,0,0,999
20180930,0,0,0,999
20180929,0,0,0,999
20180926,0,0,0,999
20180925,0,0,0,999
20180924,0,0,0,999
20180923,0,0,0,999
20180922,0,0,0,999
20180918,0,0,0,999
20180917,0,0,0,999
20180916,0,0,0,999
20180915,0,0,0,999
20180912,0,0,0,999
20180911,0,0,0,999
20180910,0,0,0,999
20180909,0,0,0,999
20180908,0,0,0,999
20180905,0,0,0,999
20180904,0,0,0,999
20180903,0,0,0,999
20180902,0,0,0,999
20180901,0,0,0,999
20180829,0,0,0,999
20180828,0,0,0,999
20180827,0,0,0,999
20180826,0,0,0,999
20180825,0,0,0,999
20180821,0,0,0,999
20180820,0,0,0,999
20180819,0,0,0,999
20180818,0,0,0,999
20180815,0,0,0,999
20180814,0,0,0,999
20180813,0,0,0,999
20180812,0,0,0,999
20180811,0,0,0,999
20180808,0,0,0,999
20180807,0,0,0,999
20180806,0,0,0,999
20180805,0,0,0,999
20180804,0,0,0,999
20180801,0,0,0,999
20180731,0,0,0,999
20180730,0,0,0,999
20180729,0,0,0,999
20180728,0,0,0,999
20180727,0,0,0,999
20180726,0,0,0,999
20180725,0,0,0,999
20180724,0,0,0,999
20180723,0,0,0,999
20180722,0,0,0,999
20180721,0,0,0,999
20180718,0,0,0,999
20180717,0,0,0,999
20180716,0,0,0,999
20180715,0,0,0,999
20180714,0,0,0,999
20180711,0,0,0,999
20180710,0,0,0,999
20180708,0,0,0,999
20180707,0,0,0,999
20180704,0,0,0,999
20180703,0,0,0,999
20180702,0,0,0,999
20180701,0,0,0,999
20180630,0,0,0,999
20180627,0,0,0,999
20180626,0,0,0,999
20180625,0,0,0,999
20180624,0,0,0,999
20180623,0,0,0,999
20180620,0,0,0,999
20180619,0,0,0,999
20180618,0,0,0,999
20180617,0,0,0,999
20180613,0,0,0,999
20180612,0,0,0,999
20180611,0,0,0,999
20180610,0,0,0,999
20180609,0,0,0,999
20180603,0,0,0,999
20180602,0,0,0,999
20180530,0,0,0,999
20180529,0,0,0,999
20180528,0,0,0,999
20180527,0,0,0,999
20180526,0,0,0,999
20180523,0,0,0,999
20180522,0,0,0,999
20180521,0,0,0,999
20180520,0,0,0,999
20180519,0,0,0,999
20180516,0,0,0,999
20180515,0,0,0,999
20180514,0,0,0,999
20180513,0,0,0,999
20180512,0,0,0,999
20180509,0,0,0,999
20180508,0,0,0,999
20180507,0,0,0,999
20180506,0,0,0,999
20180505,0,0,0,999
20180501,0,0,0,999
20180430,0,0,0,999
20180429,0,0,0,999
20180428,0,0,0,999
20180425,0,0,0,999
20180424,0,0,0,999
20180423,0,0,0,999
20180422,0,0,0,999
20180421,0,0,0,999
20180418,0,0,0,999
20180417,0,0,0,999
20180416,0,0,0,999
20180415,0,0,0,999
20180411,0,0,0,999
20180410,0,0,0,999
20180409,0,0,0,999
20180408,0,0,0,999
20180407,0,0,0,999
20180404,0,0,0,999
20180403,0,0,0,999
20180328,0,0,0,999
20180327,0,0,0,999
20180326,0,0,0,999
20180325,0,0,0,999
20180319,0,0,0,999
20180318,0,0,0,999
20180317,0,0,0,999
20180314,0,0,0,999
20180313,0,0,0,999
20180312,0,0,0,999
20180311,0,0,0,999
20180310,0,0,0,999
20180307,0,0,0,999
20180306,0,0,0,999
20180305,0,0,0,999
20180304,0,0,0,999
20180303,0,0,0,999
20180228,0,0,0,999
20180227,0,0,0,999
20180226,0,0,0,999
20180225,0,0,0,999
20180224,0,0,0,999
20180221,0,0,0,999
20180219,0,0,0,999
20180218,0,0,0,999
20180217,0,0,0,999
20180214,0,0,0,999
20180213,0,0,0,999
20180212,0,0,0,999
20180210,0,0,0,999
20180207,0,0,0,999
20180206,0,0,0,999
20180205,0,0,0,999
20180204,0,0,0,999
20180203,0,0,0,999
20180131,0,0,0,999
20180130,0,0,0,999
20180129,0,0,0,999
20180128,0,0,0,999
20180127,0,0,0,999
20180124,0,0,0,999
20180123,0,0,0,999
20180122,0,0,0,999
20180121,0,0,0,999
20180120,0,0,0,999
20180117,0,0,0,999
20180116,0,0,0,999
20180115,0,0,0,999
20180114,0,0,0,999
20180113,0,0,0,999
20180110,0,0,0,999
20180109,0,0,0,999
20180108,0,0,0,999
20180107,0,0,0,999
20180106,0,0,0,999
20180103,0,0,0,999
20180102,0,0,0,999
20180101,0,0,0,999
20171231,0,0,0,999
20171230,0,0,0,999
20171227,0,0,0,999
20171226,0,0,0,999
20171225,0,0,0,999
20171224,0,0,0,999
20171223,0,0,0,999
20171220,0,0,0,999
20171219,0,0,0,999
20171218,0,0,0,999
20171217,0,0,0,999
20171216,0,0,0,999
20171215,0,0,0,999
20171214,0,0,0,999
20171213,0,0,0,999
20171212,0,0,0,999
20171211,0,0,0,999
20171210,0,0,0,999
20171209,0,0,0,999
20171205,0,0,0,999
20171204,0,0,0,999
20171203,0,0,0,999
20171202,0,0,0,999
20171129,0,0,0,999
20171128,0,0,0,999
20171126,0,0,0,999
20171125,0,0,0,999
20171122,0,0,0,999
20171121,0,0,0,999
20171120,0,0,0,999
20171118,0,0,0,999
20171115,0,0,0,999
20171114,0,0,0,999
20171113,0,0,0,999
20171112,0,0,0,999
20171111,0,0,0,999
20171108,0,0,0,999
20171107,0,0,0,999
20171106,0,0,0,999
20171105,0,0,0,999
20171104,0,0,0,999
20171101,0,0,0,999
20171031,0,0,0,999
20171030,0,0,0,999
20171029,0,0,0,999
20171028,0,0,0,999
20171025,0,0,0,999
20171024,0,0,0,999
20171023,0,0,0,999
20171022,0,0,0,999
20171021,0,0,0,999
20171018,0,0,0,999
20171017,0,0,0,999
20171016,0,0,0,999
20171015,0,0,0,999
20171014,0,0,0,999
20171011,0,0,0,999
20171010,0,0,0,999
20171009,0,0,0,999
20171008,0,0,0,999
20171007,0,0,0,999
20171004,0,0,0,999
20171003,0,0,0,999
20171002,0,0,0,999
20170927,0,0,0,999
20170926,0,0,0,999
20170925,0,0,0,999
20170924,0,0,0,999
20170923,0,0,0,999
20170920,0,0,0,999
20170919,0,0,0,999
20170918,0,0,0,999
20170917,0,0,0,999
20170916,0,0,0,999
20170913,0,0,0,999
20170912,0,0,0,999
20170911,0,0,0,999
20170910,0,0,0,999
20170906,0,0,0,999
20170905,0,0,0,999
20170904,0,0,0,999
20170903,0,0,0,999
20170902,0,0,0,999
20170830,0,0,0,999
20170829,0,0,0,999
20170828,0,0,0,999
20170827,0,0,0,999
20170826,0,0,0,999
20170823,0,0,0,999
20170822,0,0,0,999
20170821,0,0,0,999
20170820,0,0,0,999
20170819,0,0,0,999
20170816,0,0,0,999
20170815,0,0,0,999
20170814,0,0,0,999
20170813,0,0,0,999
20170812,0,0,0,999
20170809,0,0,0,999
20170808,0,0,0,999
20170807,0,0,0,999
20170806,0,0,0,999
20170802,0,0,0,999
20170801,0,0,0,999
20170731,0,0,0,999
20170730,0,0,0,999
20170729,0,0,0,999
20170726,0,0,0,999
20170725,0,0,0,999
20170724,0,0,0,999
20170723,0,0,0,999
20170722,0,0,0,999
20170719,0,0,0,999
20170718,0,0,0,999
20170717,0,0,0,999
20170716,0,0,0,999
20170715,0,0,0,999
20170712,0,0,0,999
20170711,0,0,0,999
20170710,0,0,0,999
20170709,0,0,0,999
20170708,0,0,0,999
20170705,0,0,0,999
20170704,0,0,0,999
20170703,0,0,0,999
20170702,0,0,0,999
20170701,0,0,0,999
20170628,0,0,0,999
20170625,0,0,0,999
20170624,0,0,0,999
20170621,0,0,0,999
20170620,0,0,0,999
20170619,0,0,0,999
20170618,0,0,0,999
20170617,0,0,0,999
20170614,0,0,0,999
20170613,0,0,0,999
20170612,0,0,0,999
20170611,0,0,0,999
20170610,0,0,0,999
20170607,0,0,0,999
20170606,0,0,0,999
20170603,0,0,0,999
20170531,0,0,0,999
20170530,0,0,0,999
20170529,0,0,0,999
20170528,0,0,0,999
20170527,0,0,0,999
20170524,0,0,0,999
20170523,0,0,0,999
20170522,0,0,0,999
20170521,0,0,0,999
20170520,0,0,0,999
20170517,0,0,0,999
20170516,0,0,0,999
20170515,0,0,0,999
20170514,0,0,0,999
20170513,0,0,0,999
20170510,0,0,0,999
20170509,0,0,0,999
20170508,0,0,0,999
20170507,0,0,0,999
20170506,0,0,0,999
20170503,0,0,0,999
20170502,0,0,0,999
20170501,0,0,0,999
20170430,0,0,0,999
20170429,0,0,0,999
20170426,0,0,0,999
20170424,0,0,0,999
20170423,0,0,0,999
20170422,0,0,0,999
20170419,0,0,0,999
20170418,0,0,0,999
20170417,0,0,0,999
20170416,0,0,0,999
20170415,0,0,0,999
20170412,0,0,0,999
20170410,0,0,0,999
20170409,0,0,0,999
20170408,0,0,0,999
20170405,0,0,0,999
20170404,0,0,0,999
20170403,0,0,0,999
20170329,0,0,0,999
20170328,0,0,0,999
20170327,0,0,0,999
20170326,0,0,0,999
20170325,0,0,0,999
20170318,0,0,0,999
20170315,0,0,0,999
20170314,0,0,0,999
20170313,0,0,0,999
20170312,0,0,0,999
20170311,0,0,0,999
20170308,0,0,0,999
20170307,0,0,0,999
20170306,0,0,0,999
20170305,0,0,0,999
20170304,0,0,0,999
20170301,0,0,0,999
20170228,0,0,0,999
20170227,0,0,0,999
20170226,0,0,0,999
20170225,0,0,0,999
20170222,0,0,0,999
20170221,0,0,0,999
20170220,0,0,0,999
20170219,0,0,0,999
20170218,0,0,0,999
20170215,0,0,0,999
20170214,0,0,0,999
20170213,0,0,0,999
20170212,0,0,0,999
20170211,0,0,0,999
20170208,0,0,0,999
20170207,0,0,0,999
20170206,0,0,0,999
20170205,0,0,0,999
20170204,0,0,0,999
20170201,0,0,0,999
20170131,0,0,0,999
20170130,0,0,0,999
20170129,0,0,0,999
20170128,0,0,0,999
20170125,0,0,0,999
20170124,0,0,0,999
20170123,0,0,0,999
20170122,0,0,0,999
20170121,0,0,0,999
20170118,0,0,0,999
20170117,0,0,0,999
20170116,0,0,0,999
20170115,0,0,0,999
20170114,0,0,0,999
20170111,0,0,0,999
20170109,0,0,0,999
20170108,0,0,0,999
20170107,0,0,0,999
20170104,0,0,0,999
20170103,0,0,0,999
20170102,0,0,0,999
20170101,0,0,0,999
20161231,0,0,0,999
20161228,0,0,0,999
20161227,0,0,0,999
20161226,0,0,0,999
20161225,0,0,0,999
20161224,0,0,0,999
20161221,0,0,0,999
20161220,0,0,0,999
20161219,0,0,0,999
20161218,0,0,0,999
20161214,0,0,0,999
20161213,0,0,0,999
20161212,0,0,0,999
20161211,0,0,0,999
20161210,0,0,0,999
20161207,0,0,0,999
20161206,0,0,0,999
20161205,0,0,0,999
20161204,0,0,0,999
20161203,0,0,0,999
20161129,0,0,0,999
20161127,0,0,0,999
20161126,0,0,0,999
20161123,0,0,0,999
20161122,0,0,0,999
20161121,996,999,982,999
20161119,995,1000,992,1000
20161116,990,1009,978,1002
20161115,1000,1000,979,990
20161114,1005,1015,982,1000
20161113,1000,1013,996,1005
20161112,1020,1020,991,1006
20161109,1000,1020,967,999
20161108,1014,1014,1000,1003
20161107,1010,1011,999,1003
20161106,1013,1013,999,1005
20161105,1014,1021,1000,1006
20161102,1016,1017,1000,1008
20161101,1013,1022,1000,1009
20161031,1014,1020,1007,1013
20161030,1020,1022,1002,1011
20161029,1024,1030,1005,1020
20161028,0,0,0,1022
20161027,0,0,0,1022
20161026,1025,1037,1003,1022
20161025,1012,1038,1000,1025
20161024,1010,1015,999,1012
20161023,1000,1010,995,1000
20161022,1000,1013,999,1005
20161019,1000,1010,994,1000
20161018,1000,1003,996,1000
20161017,1000,1004,997,1002
20161016,1000,1006,990,1004
20161015,1004,1009,998,1008
20161012,0,0,0,1003
20161010,1000,1007,998,1003
20161009,1009,1009,996,1000
20161008,1010,1017,997,1016
20161005,1000,1019,998,1016
20161004,1000,1010,995,1000
20161003,1000,1010,995,1000
20161002,1000,1005,996,1000
20161001,1010,1012,993,1001
20160928,1018,1020,1005,1014
20160927,1020,1020,1010,1018
20160926,1027,1027,1005,1020
20160925,1013,1030,1008,1027
20160924,1013,1016,1005,1013
20160921,1016,1016,1003,1011
20160919,1017,1017,1007,1015
20160918,1020,1020,1009,1018
20160917,1021,1021,1011,1020
20160914,1029,1029,1015,1022
20160913,1027,1028,1020,1025
20160911,1029,1029,1015,1027
20160910,1031,1031,1012,1031
20160907,1029,1040,1000,1036
20160906,1018,1030,1016,1029
20160905,1026,1028,1009,1018
20160904,1032,1034,1017,1026
20160903,1044,1048,1017,1032
20160831,1043,1054,1032,1044
20160830,1050,1050,1035,1043
20160829,1055,1055,1038,1045
20160828,1054,1057,1035,1047
20160827,1067,1067,1048,1054
20160824,1060,1065,1050,1057
20160823,1060,1070,1050,1058
20160822,1079,1079,1050,1060
20160821,1066,1070,1050,1058
20160820,1075,1077,1054,1066
20160817,1065,1090,1060,1077
20160816,1075,1080,1055,1065
20160815,1078,1090,1067,1077
20160814,1084,1090,1068,1078
20160813,1089,1091,1077,1084
20160810,1087,1097,1080,1089
20160809,1088,1090,1074,1088
20160808,1097,1097,1078,1089
20160807,1107,1107,1077,1093
20160806,1101,1105,1085,1097
20160803,1071,1099,1070,1083
20160802,1064,1083,1061,1070
20160801,1051,1070,1050,1059
20160731,0,0,0,1026
20160727,0,0,0,1026
20160726,0,0,0,1026
20160725,0,0,0,1026
20160724,0,0,0,1026
20160723,0,0,0,1186
20160720,0,0,0,1186
20160719,1145,1201,1136,1186
20160718,1164,1164,1135,1144
20160717,1160,1167,1155,1160
20160716,1163,1166,1140,1152
20160713,1165,1170,1159,1163
20160712,1170,1170,1162,1165
20160711,1166,1170,1153,1162
20160710,1167,1169,1160,1166
20160709,1167,1170,1160,1167
20160705,1169,1170,1150,1167
20160704,1168,1171,1161,1168
20160703,1170,1171,1160,1168
20160702,1170,1179,1164,1168
20160629,1173,1173,1150,1167
20160628,1164,1180,1164,1168
20160626,1169,1170,1149,1164
20160625,1188,1188,1145,1171
20160622,1177,1190,1165,1178
20160621,1143,1176,1140,1163
20160620,1152,1155,1130,1143
20160619,1159,1159,1140,1156
20160618,1151,1162,1140,1159
20160615,1159,1165,1140,1145
20160614,1170,1180,1135,1144
20160613,1161,1192,1151,1170
20160612,1170,1178,1150,1161
20160611,1194,1194,1163,1174
20160608,1194,1194,1170,1185
20160607,1202,1202,1172,1195
20160606,1215,1220,1176,1202
20160605,1220,1230,1200,1214
20160601,1230,1236,1200,1219
20160531,1240,1259,1220,1236
20160530,1184,1235,1160,1206
20160529,1180,1180,1165,1180
20160528,1180,1198,1165,1183
20160525,1181,1185,1163,1184
20160524,1207,1207,1171,1190
20160523,1160,1211,1160,1192
20160521,1165,1169,1150,1156
20160518,1150,1159,1145,1155
20160517,1151,1159,1140,1149
20160516,1169,1169,1139,1151
20160515,1181,1185,1149,1167
20160514,1160,1188,1150,1181
20160511,1170,1174,1142,1155
20160510,1156,1160,1150,1158
20160509,1160,1180,1157,1159
20160508,1161,1166,1141,1157
20160507,1180,1182,1149,1161
20160504,1182,1182,1165,1178
20160503,1194,1194,1165,1183
20160502,1200,1200,1180,1194
20160501,1195,1208,1184,1198
20160430,1216,1216,1180,1202
20160427,1232,1232,1199,1216
20160426,1240,1240,1212,1227
20160425,1240,1250,1215,1228
20160424,1201,1240,1193,1213
20160423,1210,1215,1194,1201
20160420,1201,1210,1192,1200
20160419,1200,1215,1185,1197
20160418,1215,1220,1180,1192
20160417,1170,1200,1155,1182
20160416,1213,1220,1155,1182
20160413,1250,1250,1199,1210
20160412,1242,1260,1237,1244
20160411,1250,1254,1225,1242
20160410,1266,1266,1240,1254
20160409,1270,1274,1249,1259
20160406,1278,1281,1252,1268
20160405,1293,1300,1260,1277
20160404,1319,1319,1277,1293
20160403,1335,1339,1280,1308
20160402,1350,1368,1310,1335
20160330,1323,1360,1320,1346
20160329,1350,1355,1310,1321
20160328,1350,1360,1335,1344
20160327,1365,1370,1333,1350
20160326,1292,1356,1283,1347
20160316,1265,1299,1250,1292
20160315,1299,1300,1240,1266
20160314,1329,1329,1277,1299
20160312,1245,1293,1224,1285
20160309,1229,1250,1220,1232
20160308,1280,1280,1209,1229
20160307,1240,1289,1230,1261
20160306,1240,1249,1204,1233
20160305,1248,1275,1210,1241
20160302,1250,1264,1231,1247
20160301,1258,1260,1235,1247
20160229,1260,1264,1230,1245
20160228,1287,1287,1250,1264
20160227,1299,1299,1255,1276
20160224,1294,1294,1266,1279
20160223,1301,1317,1266,1279
20160222,1311,1330,1291,1308
20160221,1371,1371,1300,1309
20160220,1360,1388,1338,1368
20160217,1320,1339,1297,1322
20160216,1366,1379,1298,1329
20160215,1340,1390,1320,1365
20160214,1325,1347,1308,1327
20160213,1361,1378,1293,1325
20160210,1350,1416,1336,1361
20160209,1385,1416,1351,1406
20160208,1348,1377,1320,1349
20160207,1299,1354,1292,1323
20160206,1310,1320,1279,1290
20160203,1320,1320,1281,1298
20160202,1337,1369,1292,1329
20160201,1281,1327,1270,1314
20160131,1315,1315,1251,1264
20160130,1336,1336,1280,1308
20160127,1334,1347,1290,1312
20160126,1318,1347,1300,1318
20160125,1340,1340,1280,1316
20160124,1349,1352,1302,1325
20160123,1260,1314,1260,1296
20160120,1270,1270,1222,1252
20160119,1255,1274,1246,1260
20160118,1265,1266,1215,1247
20160117,1320,1320,1221,1278
20160116,1282,1290,1250,1272
20160113,1258,1272,1250,1268
20160112,1239,1268,1220,1241
20160111,1228,1240,1221,1228
20160110,1227,1228,1202,1224
20160109,1242,1244,1208,1227
20160106,1224,1249,1207,1226
20160105,1220,1220,1193,1206
20160104,1238,1238,1192,1211
20160103,1240,1243,1192,1210
20160102,1177,1235,1172,1197
20151230,1153,1204,1150,1177
20151228,1152,1154,1140,1151
20151227,1144,1153,1137,1140
20151226,1142,1142,1126,1137
20151223,1143,1148,1120,1140
20151222,1142,1148,1121,1143
20151221,1148,1150,1113,1144
20151220,1153,1153,1125,1151
20151219,1140,1156,1139,1153
20151216,1164,1170,1147,1155
20151215,1149,1160,1145,1155
20151214,1155,1157,1136,1156
20151213,1145,1157,1130,1151
20151209,1140,1158,1136,1151
20151208,1148,1159,1135,1156
20151207,1149,1149,1137,1148
20151206,1150,1152,1131,1149
20151205,1148,1158,1137,1149
20151201,1130,1150,1120,1149
20151130,1150,1160,1120,1154
20151129,1158,1173,1120,1162
20151128,1155,1167,1144,1173
20151125,1173,1185,1152,1179
20151124,1185,1189,1165,1188
20151123,1180,1204,1164,1194
20151122,1200,1200,1181,1204
20151121,1224,1224,1193,1216
20151118,1240,1243,1208,1230
20151117,1239,1262,1207,1246
20151116,1240,1258,1224,1252
20151115,1259,1259,1231,1262
20151114,1262,1263,1236,1266
20151111,1268,1268,1240,1270
20151110,1275,1275,1246,1273
20151109,1276,1276,1250,1275
20151108,1278,1292,1239,1278
20151107,1284,1287,1260,1285
20151104,1289,1289,1259,1287
20151103,1282,1300,1270,1299
20151102,1280,1285,1268,1284
20151101,1285,1285,1257,1284
20151031,1288,1288,1270,1285
20151028,1290,1290,1270,1286
20151027,1287,1289,1271,1287
20151026,1287,1290,1265,1287
20151025,1299,1299,1260,1288
20151021,1289,1299,1260,1292
20151020,1299,1299,1250,1295
20151019,1304,1304,1270,1301
20151018,1340,1345,1280,1304
20151017,1299,1333,1281,1304
20151014,1275,1306,1275,1274
20151013,1250,1280,1250,1250
20151012,1248,1260,1222,1247
20151011,1250,1250,1240,1248
20151010,1250,1257,1222,1249
20151007,1248,1268,1226,1249
20151006,1270,1270,1240,1249
20151005,1240,1260,1236,1248
20151004,1237,1250,1208,1236
20151003,1260,1262,1198,1240
20150930,1262,1269,1227,1261
20150929,1262,1277,1250,1262
20150928,1262,1270,1248,1262
20150927,1269,1276,1241,1262
20150926,1282,1290,1244,1274
20150923,1300,1300,1265,1282
20150922,1317,1317,1276,1281
20150921,1278,1320,1245,1276
20150920,1322,1322,1256,1291
20150919,1334,1339,1290,1322
20150916,1326,1342,1301,1325
20150915,1340,1340,1290,1326
20150914,1329,1398,1291,1334
20150913,1370,1370,1303,1335
20150912,1387,1399,1340,1371
20150909,1390,1393,1361,1387
20150908,0,0,0,1505
20150907,0,0,0,1607
20150906,0,0,0,1607
20150905,0,0,0,1607
20150902,0,0,0,1607
20150901,0,0,0,1607
20150831,0,0,0,1607
20150830,0,0,0,1607
20150829,0,0,0,1607
20150826,0,0,0,1607
20150825,0,0,0,1607
20150824,0,0,0,1607
20150823,0,0,0,1607
20150822,0,0,0,1607
20150819,0,0,0,1607
20150818,0,0,0,1607
20150817,0,0,0,1607
20150816,0,0,0,1607
20150815,0,0,0,1607
20150812,0,0,0,1607
20150810,0,0,0,1607
20150809,0,0,0,1607
20150808,0,0,0,1807
20150805,0,0,0,1807
20150804,0,0,0,1807
20150803,0,0,0,1807
20150802,0,0,0,1807
20150801,0,0,0,1807
20150729,0,0,0,1807
20150728,0,0,0,1807
20150727,0,0,0,1807
20150726,0,0,0,1807
20150725,0,0,0,1807
20150722,0,0,0,1807
20150721,0,0,0,1807
20150720,1835,1847,1750,1807
20150719,0,0,0,1841
20150715,1911,1935,1816,1841
20150714,1997,1997,1825,1911
20150713,1959,1974,1898,1921
20150712,1899,1900,1860,1885
20150711,1830,1880,1800,1846
20150707,1860,1880,1855,1862
20150706,1863,1864,1820,1847
20150705,1899,1939,1846,1863
20150704,1840,1898,1828,1864
20150701,1836,1836,1790,1809
20150630,1807,1849,1797,1812
20150629,1791,1807,1710,1793
20150628,1794,1800,1765,1792
20150627,1820,1820,1780,1794
20150624,1829,1829,1780,1795
20150623,1801,1839,1786,1800
20150622,1785,1812,1775,1788
20150621,1788,1797,1760,1785
20150620,1840,1840,1760,1789
20150617,1738,1794,1738,1762
20150616,1743,1755,1715,1737
20150615,1750,1750,1710,1736
20150614,1745,1753,1728,1738
20150613,1750,1759,1730,1737
20150610,1724,1750,1690,1723
20150609,1733,1733,1681,1724
20150608,1736,1740,1686,1733
20150607,1755,1755,1700,1736
20150606,1769,1770,1720,1760
20150602,1755,1759,1730,1769
20150601,1777,1777,1745,1773
20150531,1780,1780,1740,1781
20150530,1787,1788,1750,1786
20150527,1791,1791,1750,1787
20150526,1793,1799,1770,1791
20150525,1810,1816,1786,1792
20150524,1799,1820,1770,1792
20150523,1791,1800,1751,1789
20150520,1790,1800,1774,1791
20150519,1787,1800,1787,1790
20150518,1800,1801,1750,1787
20150517,1806,1810,1760,1800
20150513,1829,1829,1772,1806
20150512,1839,1839,1802,1806
20150511,1800,1819,1770,1802
20150510,1804,1810,1770,1799
20150509,1830,1850,1758,1809
20150506,1830,1846,1820,1830
20150505,1831,1842,1800,1830
20150504,1850,1850,1776,1831
20150503,1858,1860,1784,1850
20150429,1872,1880,1865,1858
20150428,1862,1870,1820,1855
20150427,1908,1908,1845,1852
20150426,1950,1950,1888,1921
20150425,1978,1978,1916,1930
20150422,1946,1980,1869,1928
20150421,1943,1950,1921,1946
20150420,1947,1971,1914,1943
20150419,1903,1975,1903,1947
20150418,1911,1982,1900,1940
20150415,1975,1990,1900,1953
20150414,1929,2020,1929,1975
20150413,2015,2040,1935,1964
20150412,2085,2085,2011,2015
20150411,2118,2120,2040,2094
20150408,2064,2146,2064,2118
20150407,2071,2080,2041,2064
20150406,2097,2097,2010,2092
20150405,2020,2020,2020,2017
20150404,1943,1943,1943,1943
20150331,1850,1930,1810,1869
20150330,1890,1924,1796,1866
20150329,1870,1870,1840,1870
20150328,1791,1844,1780,1799
20150325,1800,1837,1790,1774
20150318,1711,1779,1711,1767
20150317,1720,1720,1650,1711
20150316,1750,1760,1700,1714
20150315,1697,1697,1666,1693
20150314,1583,1645,1583,1632
20150311,1579,1603,1579,1582
20150310,0,0,0,1579
20150309,0,0,0,1579
20150308,0,0,0,1579
20150307,1593,1600,1543,1579
20150304,1600,1608,1560,1593
20150303,0,0,0,1579
20150302,0,0,0,1579
20150301,0,0,0,1579
20150228,0,0,0,1579
20150225,0,0,0,1579
20150224,0,0,0,1579
20150223,0,0,0,1579
20150222,1589,1589,1549,1579
20150221,1580,1610,1530,1582
20150218,1587,1587,1543,1585
20150217,1599,1599,1534,1587
20150216,1600,1600,1570,1597
20150215,1598,1599,1581,1598
20150214,1598,1622,1587,1598
20150210,1600,1600,1558,1598
20150209,1603,1604,1550,1601
20150208,1605,1605,1590,1604
20150207,1605,1613,1595,1605
20150204,1619,1619,1599,1605
20150203,1604,1620,1600,1605
20150202,1632,1632,1591,1604
20150201,1610,1637,1581,1604
20150131,1593,1633,1593,1601
20150128,1591,1608,1590,1593
20150127,1590,1597,1566,1591
20150126,1590,1597,1577,1588
20150125,1596,1596,1580,1588
20150124,1595,1615,1580,1587
20150121,1601,1605,1537,1582
20150120,1599,1610,1541,1601
20150119,1605,1610,1570,1604
20150118,1600,1610,1555,1605
20150117,1610,1622,1610,1591
20150114,1600,1610,1582,1586
20150113,1591,1620,1520,1577
20150112,1560,1620,1560,1572
20150111,1572,1580,1521,1560
20150110,1593,1593,1530,1580
20150107,1610,1610,1535,1590
20150106,1610,1610,1555,1597
20150105,1618,1619,1575,1610
20150104,1630,1630,1591,1618
20150103,1630,1630,1600,1620
20141231,1621,1622,1580,1619
20141230,1630,1636,1597,1624
20141229,1640,1640,1597,1630
20141228,1648,1649,1600,1632
20141227,1638,1640,1591,1635
20141224,1648,1660,1602,1639
20141222,1640,1680,1630,1640
20141220,1640,1647,1610,1639
20141217,1648,1650,1583,1640
20141216,1647,1665,1620,1648
20141215,1653,1659,1587,1647
20141214,1679,1679,1612,1653
20141210,1682,1683,1650,1679
20141209,1686,1688,1660,1682
20141208,1696,1696,1670,1682
20141207,1688,1695,1621,1682
20141206,1650,1700,1630,1688
20141203,1669,1669,1601,1650
20141202,1690,1690,1620,1653
20141201,1609,1700,1598,1654
20141130,1640,1678,1611,1659
20141129,1735,1778,1665,1678
20141126,1733,1780,1733,1734
20141125,1792,1792,1792,1805
20141124,1868,1869,1820,1866
20141123,1750,1822,1740,1798
20141122,1751,1771,1720,1771
20141119,1770,1770,1715,1771
20141118,1790,1790,1732,1777
20141117,1819,1820,1760,1779
20141116,1719,1763,1707,1757
20141115,1701,1740,1692,1696
20141112,1829,1829,1746,1762
20141111,1820,1855,1792,1818
20141110,1852,1852,1816,1828
20141109,1843,1880,1820,1852
20141108,1919,1919,1814,1852
20141105,1825,1852,1801,1851
20141102,1783,1784,1731,1781
20141101,1689,1718,1665,1716
20141029,1620,1690,1605,1652
20141028,1630,1634,1599,1640
20141027,1670,1680,1628,1660
20141026,1700,1700,1625,1667
20141025,1670,1710,1630,1672
20141022,1660,1675,1613,1645
20141021,1613,1613,1613,1613
20141020,1593,1593,1593,1551
20141019,1520,1590,1507,1532
20141018,1520,1530,1506,1530
20141015,1521,1530,1514,1538
20141014,1530,1530,1520,1541
20141012,1525,1548,1525,1546
20141011,1531,1549,1520,1548
20141008,1552,1552,1522,1550
20141007,1560,1560,1548,1552
20141006,1550,1579,1527,1551
20141004,1540,1560,1523,1549
20141001,1520,1544,1503,1549
20140930,1558,1558,1516,1554
20140929,1560,1560,1513,1561
20140928,1580,1580,1536,1576
20140927,1590,1593,1543,1580
20140924,1580,1596,1565,1593
20140923,1581,1597,1560,1580
20140922,1582,1587,1555,1581
20140921,1585,1588,1553,1585
20140920,1595,1595,1557,1585
20140917,1592,1592,1542,1586
20140916,1600,1605,1563,1592
20140915,1600,1600,1565,1595
20140914,1608,1608,1561,1600
20140913,1600,1610,1564,1610
20140910,1619,1635,1580,1629
20140909,1660,1660,1575,1624
20140908,1640,1650,1600,1640
20140907,1645,1645,1615,1646
20140906,1658,1659,1610,1653
20140903,1669,1671,1612,1658
20140902,1676,1680,1633,1671
20140901,1681,1681,1630,1676
20140831,1690,1690,1630,1681
20140830,1696,1696,1650,1686
20140827,1700,1700,1666,1697
20140826,1712,1719,1671,1700
20140825,1717,1724,1693,1712
20140824,1722,1730,1690,1717
20140823,1729,1733,1685,1722
20140820,1740,1740,1703,1720
20140819,1750,1750,1700,1728
20140818,1750,1750,1723,1738
20140817,1750,1752,1713,1743
20140816,1799,1800,1726,1759
20140813,1805,1812,1763,1795
20140812,1820,1820,1793,1804
20140811,1800,1823,1800,1806
20140810,1848,1848,1777,1795
20140809,1880,1890,1850,1851
20140806,1950,1950,1920,1927
20140805,2010,2010,1926,2000
20140804,2007,2010,1957,1986
20140803,0,0,0,2007
20140802,0,0,0,2411
20140728,0,0,0,2411
20140727,0,0,0,2411
20140726,0,0,0,2411
20140723,0,0,0,2411
20140722,0,0,0,2411
20140721,0,0,0,2411
20140720,0,0,0,2411
20140716,0,0,0,2731
20140715,0,0,0,2731
20140714,2698,2749,2680,2731
20140713,2677,2700,2598,2686
20140712,2688,2696,2642,2677
20140709,2701,2725,2680,2698
20140708,2670,2740,2670,2691
20140707,0,0,0,2532
20140706,0,0,0,2532
20140705,2539,2602,2539,2532
20140702,2524,2551,2524,2502
20140701,2499,2544,2403,2489
20140630,2526,2526,2425,2484
20140629,2566,2566,2464,2526
20140628,2589,2590,2486,2566
20140625,2600,2620,2539,2589
20140624,2600,2619,2580,2597
20140623,2605,2615,2570,2600
20140622,2610,2650,2590,2600
20140621,2645,2650,2600,2595
20140618,2566,2665,2565,2588
20140617,2570,2600,2560,2565
20140616,2590,2598,2556,2562
20140615,2639,2639,2537,2548
20140614,2650,2698,2592,2642
20140611,2715,2715,2651,2699
20140610,2686,2720,2670,2705
20140609,2750,2750,2686,2718
20140608,2683,2777,2680,2730
20140607,2739,2747,2677,2714
20140603,2765,2765,2682,2739
20140602,2725,2779,2668,2773
20140601,2800,2800,2674,2725
20140531,2790,2799,2750,2785
20140528,2800,2800,2730,2790
20140526,2834,2834,2750,2802
20140525,2850,2850,2795,2824
20140524,2831,2849,2773,2827
20140521,2837,2899,2800,2830
20140520,2845,2850,2800,2808
20140519,2800,2849,2734,2796
20140518,2790,2830,2725,2799
20140517,2820,2820,2740,2792
20140514,2880,2880,2800,2833
20140512,2898,2898,2790,2829
20140511,2946,2946,2824,2900
20140510,2871,2951,2867,2920
20140507,2879,2884,2830,2860
20140506,2870,2899,2810,2866
20140505,2919,2919,2839,2887
20140504,2900,2920,2861,2907
20140503,2901,2943,2890,2915
20140430,2900,2955,2900,2927
20140429,2943,2974,2877,2924
20140428,2922,2969,2901,2945
20140427,3039,3039,2920,2965
20140426,2890,2987,2873,2977
20140423,2890,2890,2765,2873
20140422,2900,2900,2861,2877
20140421,2813,2868,2800,2845
20140420,2765,2819,2760,2758
20140419,2750,2760,2675,2728
20140416,2770,2817,2770,2749
20140415,2700,2763,2658,2721
20140414,2724,2724,2622,2657
20140413,2800,2825,2713,2724
20140412,2861,2861,2747,2826
20140409,2860,2897,2802,2861
20140408,2875,2913,2850,2878
20140407,2872,2900,2851,2879
20140406,2920,2920,2860,2892
20140405,2923,2923,2873,2900
20140331,2920,2920,2870,2901
20140330,2905,2949,2901,2906
20140329,2910,2920,2880,2905
20140326,2920,2949,2900,2910
20140325,2901,2950,2901,2909
20140319,0,0,0,2901
20140318,0,0,0,2901
20140317,0,0,0,2901
20140316,2950,3000,2866,2901
20140315,2830,2929,2830,2894
20140312,2725,2900,2725,2817
20140311,2753,2808,2753,2792
20140310,2810,2810,2756,2797
20140309,2878,2878,2756,2799
20140308,2869,2930,2812,2859
20140305,2830,2879,2803,2851
20140304,2710,2837,2700,2783
20140303,2780,2780,2702,2729
20140302,2830,2830,2745,2798
20140301,2788,2850,2788,2816
20140226,2780,2850,2709,2788
20140225,2860,2860,2746,2821
20140224,0,0,0,2879
20140223,0,0,0,2879
20140222,0,0,0,2879
20140219,2811,2909,2811,2879
20140218,2789,2880,2720,2798
20140217,2815,2815,2720,2811
20140216,2712,2756,2690,2707
20140215,2551,2713,2551,2650
20140212,2609,2609,2609,2609
20140210,2811,2855,2691,2717
20140209,2790,2863,2758,2803
20140208,2833,2880,2830,2831
20140205,3000,3005,2943,2947
20140204,3050,3100,3034,3065
20140203,3095,3099,3000,3061
20140202,3155,3155,3040,3075
20140201,3109,3161,3101,3155
20140129,2960,3051,2934,3040
20140128,2952,2983,2900,2934
20140127,2860,2980,2820,2869
20140126,3040,3040,2879,2932
20140125,2911,3014,2910,2998
20140122,2939,2939,2843,2899
20140121,2890,2988,2800,2960
20140120,2986,2986,2841,2874
20140118,3079,3079,2902,2959
20140115,3040,3089,2992,3008
20140114,3200,3200,3000,3116
20140113,3084,3084,3084,3084
20140112,3000,3000,2960,2966
20140111,3130,3150,3037,3083
20140108,3147,3147,3040,3093
20140107,3200,3200,3105,3148
20140106,3250,3270,3161,3196
20140105,3230,3286,3190,3240
20140104,3250,3269,3190,3215
20140101,3319,3319,3170,3244
20131230,3205,3300,3185,3237
20131229,3150,3254,3080,3231
20131228,3210,3210,3096,3129
20131225,3349,3349,3181,3225
20131224,3298,3340,3207,3295
20131222,3290,3348,3150,3253
20131221,3200,3234,3150,3232
20131218,3020,3130,3010,3110
20131217,3040,3060,2970,3010
20131216,2875,2962,2875,2961
20131215,2820,2887,2790,2849
20131214,2765,2820,2765,2790
20131211,2910,2940,2800,2880
20131210,2822,2902,2822,2901
20131209,2801,2878,2766,2791
20131208,2931,2970,2826,2881
20131207,2930,2971,2880,2917
20131204,2899,2949,2855,2920
20131203,2999,3033,2856,2911
20131202,2905,3090,2867,2974
20131201,3080,3080,2963,2984
20131130,3050,3092,2983,3086
20131127,2899,2977,2849,2974
20131126,2780,2959,2780,2863
20131125,2904,2904,2722,2874
20131124,2793,2793,2793,2793
20131123,2680,2686,2631,2686
20131120,2590,2618,2551,2583
20131119,2485,2548,2451,2539
20131118,2399,2455,2363,2450
20131117,2448,2448,2320,2361
20131116,2448,2510,2370,2407
20131112,2400,2460,2352,2414
20131111,2409,2409,2352,2406
20131110,2265,2337,2221,2317
20131109,2248,2248,2248,2248
20131106,2111,2210,2111,2162
20131105,2190,2210,2143,2173
20131104,2189,2235,2152,2192
20131103,2178,2241,2170,2218
20131102,2100,2170,2053,2156
20131030,2140,2140,2076,2087
20131029,2190,2207,2110,2162
20131028,2034,2149,2034,2123
20131027,2130,2130,2021,2067
20131026,2080,2080,2050,2080
20131023,1960,2037,1900,2000
20131022,1970,1980,1915,1959
20131021,1995,1995,1928,1976
20131020,2000,2000,1908,1974
20131019,1987,1987,1987,1987
20131015,1895,1944,1865,1911
20131014,1900,1900,1850,1870
20131013,1900,1920,1851,1888
20131012,1950,1950,1890,1914
20131009,1949,1965,1910,1936
20131008,1920,1950,1912,1932
20131007,2000,2000,1900,1952
20131006,1965,1970,1935,1954
20131005,2017,2017,1940,1967
20131002,1997,1999,1955,1980
20131001,2019,2038,1969,1997
20130930,1982,2020,1978,1980
20130929,2130,2130,2039,2060
20130928,2126,2126,2081,2123
20130925,2049,2075,2010,2045
20130924,2140,2140,2034,2071
20130923,2040,2130,2030,2118
20130922,2060,2072,2000,2049
20130921,2043,2043,2000,2040
20130918,1946,1967,1923,1965
20130917,1890,1899,1850,1892
20130916,1830,1850,1800,1826
20130915,1849,1869,1795,1829
20130914,1839,1840,1750,1805
20130911,1780,1780,1750,1779
20130910,1678,1714,1670,1712
20130909,1650,1690,1636,1649
20130908,1600,1649,1600,1625
20130907,1587,1620,1567,1591
20130904,1665,1665,1588,1609
20130903,1700,1727,1649,1654
20130901,1688,1776,1647,1717
20130831,1710,1765,1698,1708
20130828,1768,1769,1768,1768
20130827,1851,1899,1831,1841
20130826,1960,1960,1845,1907
20130825,1929,1950,1870,1909
20130824,1960,1960,1890,1926
20130821,1890,1946,1870,1888
20130820,2000,2000,1936,1947
20130819,1950,2050,1940,2016
20130818,2060,2060,1994,2003
20130817,2069,2092,2020,2077
20130814,2000,2075,1950,2012
20130813,2026,2026,1960,2025
20130812,1901,1952,1900,1949
20130811,1841,1896,1840,1877
20130807,1827,1853,1806,1827
20130806,1840,1849,1801,1827
20130805,1850,1869,1808,1829
20130804,1888,1919,1828,1883
20130803,1890,1899,1850,1893
20130731,1834,1869,1800,1826
20130729,1798,1848,1754,1807
20130728,1800,1851,1765,1817
20130727,1880,1880,1824,1831
20130724,1900,1930,1863,1900
20130723,1850,1891,1818,1863
20130722,1811,1840,1798,1819
20130721,1800,1820,1765,1793
20130720,1829,1839,1752,1792
20130717,1790,1828,1781,1805
20130716,1831,1850,1778,1803
20130715,1830,1870,1790,1830
20130714,1848,1850,1786,1802
20130713,1899,1930,1824,1860
20130710,0,0,0,1918
20130709,0,0,0,1918
20130708,0,0,0,2168
20130707,0,0,0,2168
20130706,2210,2210,2115,2168
20130703,2113,2173,2100,2134
20130702,2120,2140,2054,2091
20130701,2073,2147,2021,2084
20130630,0,0,0,1887
20130629,0,0,0,1887
20130626,0,0,0,1887
20130625,0,0,0,1887
20130623,0,0,0,1887
20130622,1887,1887,1840,1887
20130619,1839,1840,1780,1815
20130618,1829,1835,1800,1826
20130617,1769,1769,1703,1765
20130616,1701,1701,1701,1701
20130615,1599,1636,1580,1636
20130612,1569,1600,1567,1574
20130611,1569,1573,1557,1569
20130610,1570,1573,1565,1570
20130609,1572,1572,1555,1570
20130608,1571,1574,1569,1571
20130603,1575,1577,1564,1571
20130602,1570,1580,1560,1571
20130601,1580,1590,1555,1570
20130529,1568,1580,1561,1569
20130528,1569,1570,1558,1568
20130527,1564,1586,1556,1569
20130526,1569,1570,1552,1564
20130525,1565,1579,1558,1565
20130522,1566,1574,1552,1565
20130521,1566,1579,1558,1566
20130520,1568,1579,1547,1565
20130519,1569,1580,1542,1563
20130518,1561,1570,1542,1562
20130515,1570,1585,1504,1560
20130514,1570,1579,1540,1566
20130513,1566,1590,1555,1566
20130512,1580,1600,1530,1562
20130511,1552,1559,1540,1550
20130508,1550,1560,1521,1552
20130507,1559,1560,1539,1555
20130506,1562,1564,1545,1555
20130505,1560,1569,1530,1554
20130504,1550,1560,1530,1552
20130501,1558,1560,1530,1550
20130430,1559,1559,1531,1549
20130429,1554,1560,1529,1548
20130428,1560,1568,1540,1545
20130427,1560,1560,1513,1529
20130424,1520,1560,1502,1526
20130423,1510,1540,1498,1510
20130422,1510,1530,1495,1507
20130421,1498,1547,1494,1506
20130420,1482,1499,1467,1498
20130417,1440,1490,1429,1442
20130416,1440,1441,1418,1434
20130415,1438,1442,1430,1436
20130413,1438,1440,1420,1435
20130410,1440,1440,1401,1438
20130409,1442,1450,1417,1440
20130408,1446,1450,1400,1437
20130407,1464,1464,1400,1440
20130406,1469,1469,1420,1447
20130403,1380,1417,1365,1413
20130331,1392,1399,1374,1363
20130330,1370,1400,1366,1358
20130327,1380,1380,1345,1349
20130326,1371,1384,1351,1337
20130325,1308,1375,1308,1331
20130318,1298,1348,1286,1323
20130317,1295,1298,1270,1297
20130316,1296,1298,1280,1295
20130313,1298,1298,1273,1292
20130312,1275,1299,1260,1290
20130311,1270,1275,1250,1270
20130310,1270,1279,1240,1270
20130309,1289,1289,1241,1272
20130306,1290,1290,1244,1272
20130305,1258,1258,1256,1258
20130304,1166,1240,1166,1210
20130303,1192,1203,1192,1193
20130302,1203,1203,1203,1241
20130227,1221,1221,1213,1253
20130226,1214,1266,1214,1263
20130225,1221,1267,1207,1264
20130224,1270,1270,1223,1257
20130223,1295,1296,1244,1273
20130220,1297,1299,1288,1295
20130219,1293,1297,1281,1294
20130218,1295,1296,1285,1295
20130217,1297,1299,1281,1296
20130216,1297,1298,1280,1296
20130213,1298,1298,1276,1297
20130212,1299,1300,1282,1297
20130211,1298,1300,1280,1298
20130209,1300,1300,1281,1298
20130206,1299,1300,1290,1298
20130205,1300,1302,1270,1293
20130204,1300,1307,1286,1304
20130203,1310,1310,1270,1305
20130202,1320,1321,1290,1314
20130130,1321,1323,1295,1320
20130128,1320,1330,1293,1325
20130127,1322,1324,1291,1322
20130126,1323,1329,1300,1322
20130123,1325,1326,1308,1323
20130122,1325,1329,1305,1325
20130121,1320,1327,1310,1325
20130120,1330,1330,1301,1326
20130119,1339,1339,1313,1324
20130116,1340,1347,1312,1326
20130115,1352,1354,1315,1339
20130114,1345,1360,1329,1345
20130113,1346,1349,1325,1345
20130109,1330,1350,1330,1346
20130108,1348,1353,1333,1347
20130107,1354,1358,1325,1348
20130106,1358,1360,1320,1352
20130102,1360,1365,1308,1363
20130101,1336,1370,1336,1362
20121231,1385,1400,1350,1372
20121230,1419,1424,1360,1396
20121229,1360,1409,1327,1370
20121226,1355,1363,1330,1355
20121225,1377,1382,1314,1353
20121224,1349,1370,1330,1350
20121223,1355,1355,1325,1349
20121222,1360,1360,1325,1344
20121219,1340,1365,1325,1336
20121218,1349,1366,1320,1334
20121217,1330,1354,1300,1325
20121216,1339,1340,1311,1332
20121215,1340,1341,1299,1324
20121212,1339,1340,1322,1338
20121211,1338,1348,1310,1338
20121210,1320,1340,1315,1340
20121209,1325,1349,1299,1336
20121208,1331,1332,1300,1325
20121205,1339,1342,1300,1334
20121204,1347,1348,1338,1342
20121203,1340,1366,1315,1342
20121202,1340,1347,1316,1340
20121201,1350,1352,1310,1347
20121128,1340,1359,1338,1352
20121127,1349,1349,1339,1345
20121126,1349,1349,1330,1346
20121121,1350,1350,1341,1347
20121120,1348,1350,1340,1347
20121119,1350,1350,1334,1347
20121118,1350,1358,1340,1348
20121117,1341,1360,1330,1346
20121114,1366,1366,1341,1361
20121113,1360,1367,1350,1363
20121112,1360,1375,1340,1364
20121111,1370,1370,1350,1368
20121110,1380,1390,1352,1369
20121107,1380,1380,1350,1371
20121106,1378,1380,1365,1378
20121105,1379,1390,1350,1379
20121104,1380,1390,1370,1378
20121031,1380,1390,1353,1377
20121030,1380,1380,1360,1377
20121029,1380,1390,1350,1377
20121028,1380,1385,1361,1377
20121027,1380,1388,1350,1376
20121024,1380,1380,1360,1376
20121023,1394,1394,1350,1378
20121022,1397,1397,1350,1380
20121021,1386,1410,1355,1379
20121020,0,0,0,1380
20121017,0,0,0,1380
20121016,0,0,0,1380
20121015,0,0,0,1380
20121014,0,0,0,1419
20121013,0,0,0,1419
20121010,0,0,0,1419
20121009,1433,1437,1390,1419
20121008,1431,1439,1414,1433
20121007,1435,1440,1427,1434
20121006,1448,1448,1412,1436
20121003,1438,1448,1409,1438
20121002,1455,1455,1401,1444
20121001,1469,1469,1409,1451
20120930,1477,1480,1450,1467
20120929,1465,1490,1451,1466
20120926,1410,1464,1407,1439
20120925,1408,1413,1400,1408
20120924,1410,1420,1400,1408
20120923,1401,1420,1398,1404
20120922,1400,1409,1382,1400
20120919,1409,1418,1389,1405
20120918,1420,1420,1400,1412
20120917,1410,1420,1398,1415
20120916,1423,1429,1402,1419
20120915,1428,1430,1400,1423
20120911,1439,1439,1390,1424
20120910,1440,1440,1415,1434
20120909,1440,1453,1388,1437
20120908,1450,1459,1421,1445
20120905,1450,1470,1430,1447
20120904,1440,1445,1431,1431
20120903,1450,1450,1420,1428
20120902,1430,1450,1420,1427
20120827,1439,1459,1421,1426
20120826,1447,1447,1410,1422
20120825,1430,1453,1420,1422
20120822,1430,1449,1418,1415
20120821,1426,1440,1410,1413
20120818,1420,1440,1408,1410
20120815,1420,1428,1399,1409
20120814,1427,1428,1400,1410
20120813,1420,1430,1400,1412
20120812,1400,1440,1400,1412
20120811,1405,1416,1380,1399
20120808,1401,1407,1397,1403
20120807,1414,1414,1391,1404
20120806,1421,1429,1394,1415
20120805,1440,1440,1405,1424
20120804,1460,1460,1422,1445
20120801,1456,1460,1443,1451
20120731,1450,1458,1424,1449
20120730,1456,1458,1424,1451
20120729,1459,1462,1436,1453
20120728,1460,1467,1436,1461
20120725,1459,1469,1435,1462
20120724,1460,1460,1440,1455
20120723,1450,1459,1430,1454
20120722,1464,1470,1435,1455
20120721,1475,1478,1415,1453
20120718,1475,1480,1469,1473
20120717,1475,1475,1449,1469
20120716,1490,1490,1456,1482
20120715,1497,1498,1476,1491
20120714,1500,1500,1485,1493
20120711,1498,1500,1469,1490
20120710,1497,1499,1488,1494
20120709,1500,1500,1489,1496
20120708,1500,1500,1470,1497
20120707,1500,1500,1494,1497
20120704,1500,1500,1490,1496
20120703,1500,1510,1494,1500
20120702,1498,1500,1488,1499
20120701,1510,1510,1490,1499
20120630,1500,1500,1490,1499
20120627,1500,1504,1487,1499
20120626,1547,1547,1486,1520
20120625,1549,1549,1520,1545
20120624,1569,1580,1520,1547
20120623,1594,1596,1560,1583
20120620,1599,1600,1580,1596
20120619,1600,1600,1580,1598
20120617,1599,1600,1595,1605
20120616,1617,1619,1590,1610
20120613,1600,1627,1595,1617
20120612,1600,1610,1596,1599
20120611,1591,1600,1585,1594
20120610,1579,1630,1560,1625
20120609,1602,1610,1550,1589
20120606,1609,1613,1600,1605
20120605,1610,1612,1600,1605
20120602,1609,1617,1600,1607
20120530,1617,1617,1600,1607
20120529,1610,1620,1600,1606
20120528,1615,1618,1600,1606
20120527,1608,1620,1600,1606
20120526,1630,1630,1600,1607
20120523,1620,1640,1600,1619
20120522,1600,1610,1585,1599
20120521,1580,1620,1570,1600
20120520,1600,1622,1568,1591
20120519,1623,1630,1580,1600
20120516,1648,1648,1609,1623
20120515,1650,1670,1617,1641
20120514,1690,1690,1608,1648
20120513,1690,1697,1624,1675
20120512,0,0,0,1780
20120509,0,0,0,2010
20120508,0,0,0,2010
20120507,1980,2022,1916,2010
20120506,1979,2000,1938,1995
20120505,1988,1990,1927,1984
20120502,1901,1939,1900,1914
20120501,1870,1900,1860,1886
20120430,1826,1870,1820,1841
20120429,1811,1830,1811,1826
20120428,1870,1870,1795,1826
20120424,1860,1869,1820,1855
20120423,1845,1869,1827,1864
20120422,1888,1888,1840,1873
20120421,1899,1909,1840,1878
20120418,1898,1900,1862,1886
20120417,1897,1900,1860,1888
20120416,1918,1918,1856,1887
20120415,1900,1910,1870,1887
20120414,1930,1930,1856,1874
20120411,1854,1900,1831,1869
20120410,1859,1865,1808,1840
20120409,1850,1870,1820,1851
20120408,1866,1866,1810,1854
20120407,1865,1879,1830,1863
20120404,1882,1895,1826,1872
20120403,1898,1899,1832,1896
20120402,1919,1919,1880,1908
20120328,1930,1930,1890,1910
20120327,1927,1940,1915,1909
20120326,1919,1930,1890,1904
20120325,1920,1935,1881,1896
20120324,1889,1938,1889,1892
20120318,1829,1881,1829,1880
20120317,1799,1829,1799,1809
20120314,1800,1827,1771,1774
20120313,1780,1820,1740,1761
20120312,1789,1790,1740,1754
20120311,1780,1800,1759,1784
20120310,1800,1800,1751,1787
20120307,1829,1829,1795,1807
20120306,1830,1830,1805,1811
20120305,1839,1840,1801,1808
20120304,1850,1850,1821,1840
20120303,1850,1860,1830,1843
20120229,1845,1856,1820,1843
20120228,1848,1850,1831,1841
20120227,1850,1850,1830,1842
20120226,1850,1855,1831,1844
20120225,1848,1859,1810,1843
20120222,1850,1855,1830,1842
20120221,1830,1848,1809,1831
20120220,1830,1850,1796,1817
20120219,1840,1840,1801,1828
20120218,1850,1870,1810,1853
20120215,1822,1869,1800,1853
20120214,1858,1868,1802,1843
20120213,1860,1868,1820,1851
20120212,1870,1871,1839,1861
20120208,1860,1870,1830,1865
20120207,1870,1870,1830,1844
20120206,1889,1889,1813,1843
20120205,1908,1919,1842,1878
20120204,1930,1930,1872,1901
20120201,1920,1940,1880,1928
20120131,1945,1945,1884,1904
20120130,1998,1998,1928,1962
20120129,2039,2039,1980,2008
20120128,2015,2015,2015,1961
20120125,1948,1950,1900,1938
20120123,1960,1960,1900,1931
20120121,1960,1978,1940,1954
20120118,1901,1965,1900,1955
20120117,1910,1920,1901,1902
20120116,1989,1995,1960,1980
20120115,2002,2017,1970,2015
20120111,1950,1950,1930,1950
20120110,1870,1888,1870,1875
20120109,1883,1884,1850,1867
20120108,1900,1900,1851,1889
20120107,1940,1940,1870,1900
20120104,1851,1906,1841,1897
20120103,1812,1860,1812,1833
20120102,1868,1868,1800,1823
20120101,1883,1883,1852,1874
20111231,1900,1900,1870,1898
20111228,1900,1927,1860,1921
20111227,1900,1900,1886,1912
20111226,1922,1935,1888,1932
20111225,1922,1940,1900,1935
20111224,1900,1942,1881,1934
20111221,1930,1940,1871,1896
20111220,1978,1978,1920,1947
20111219,1984,1988,1960,1975
20111218,1994,1995,1965,1989
20111217,1998,1998,1963,2000
20111214,2010,2029,1965,2018
20111213,2000,2027,2000,2011
20111212,2030,2037,2000,2012
20111211,2071,2071,2000,2017
20111210,2093,2099,2041,2075
20111207,2070,2098,2065,2093
20111204,2077,2078,2050,2058
20111203,2045,2079,2008,2055
20111130,2006,2089,2006,2019
20111129,2089,2089,2089,2089
20111128,2090,2090,2090,2176
20111127,2140,2195,2115,2177
20111126,0,0,0,2203
20111123,0,0,0,2203
20111122,0,0,0,2203
20111121,0,0,0,2203
20111120,2196,2240,2139,2203
20111119,2170,2195,2132,2188
20111116,2158,2185,2137,2179
20111114,2166,2177,2120,2171
20111113,2169,2185,2136,2179
20111112,2150,2190,2145,2177
20111109,2087,2149,2070,2141
20111108,2140,2144,2060,2131
20111106,2192,2193,2105,2145
20111105,2191,2199,2179,2192
20111102,2181,2199,2160,2181
20111101,2150,2180,2148,2173
20111031,2080,2153,2080,2130
20111030,2050,2085,2049,2072
20111029,2020,2052,2020,2042
20111026,1978,2000,1970,1993
20111025,1973,1982,1969,1974
20111024,1978,1985,1960,1969
20111023,1987,1987,1949,1968
20111022,1990,2000,1945,1960
20111019,2006,2019,1970,1994
20111018,1989,1990,1960,1970
20111017,1980,2000,1953,1967
20111016,2047,2053,1980,2025
20111015,2089,2089,2040,2047
20111012,2062,2090,2051,2069
20111011,2110,2110,2040,2067
20111010,2130,2130,2091,2106
20111009,2140,2140,2090,2123
20111008,2150,2150,2110,2125
20111005,2130,2142,2113,2125
20111004,2162,2170,2109,2131
20111003,2180,2197,2158,2177
20111002,2225,2229,2160,2180
20111001,2239,2240,2173,2217
20110928,2240,2249,2227,2232
20110927,2228,2250,2220,2230
20110926,2220,2230,2200,2215
20110925,2259,2259,2220,2241
20110921,2251,2269,2240,2253
20110920,2251,2260,2235,2251
20110919,2250,2272,2236,2261
20110918,2269,2270,2249,2257
20110917,2260,2280,2245,2262
20110914,2261,2270,2255,2260
20110913,2270,2270,2240,2245
20110912,2270,2279,2255,2261
20110911,2282,2288,2251,2263
20110910,2338,2338,2280,2303
20110907,2409,2409,2300,2310
20110906,2311,2390,2311,2375
20110905,2290,2349,2280,2299
20110904,2297,2300,2275,2297
20110903,2297,2298,2296,2297
20110831,0,0,0,2297
20110830,2300,2300,2279,2297
20110829,2296,2305,2296,2297
20110828,2295,2298,2293,2295
20110827,2292,2299,2292,2295
20110824,2290,2299,2290,2294
20110823,2296,2310,2284,2291
20110821,2283,2295,2252,2281
20110820,2256,2323,2252,2281
20110817,2236,2236,2236,2236
20110816,2106,2190,2106,2150
20110815,0,0,0,1000
20110814,0,0,0,1000
20110813,0,0,0,1000
